player,nationality,position,team,age,birth_year,games,games_starts,minutes,minutes_90s,goals,assists,goals_assists,goals_pens,pens_made,pens_att,cards_yellow,cards_red,goals_per90,assists_per90,goals_assists_per90,goals_pens_per90,goals_assists_pens_per90,matches,Age_num,Valuation_Score,Estimated_Value_M,Cluster,PCA1,PCA2,PCA3
Acheampong Joshua,0.0,0.0,Chelsea,18,2006,4,2,170,1.9,0,0,0,0,0,0,1,0,0.0,0.0,0.0,0.0,0.0,0.0,18,0.10493827160493827,0.16,2,-3.1542129014555247,-1.5816428135321876,0.5758762658910676
Adams Tyler,0.0,0.0,Bournemouth,25,1999,28,21,1965,21.8,0,3,3,0,0,0,7,0,0.0,0.14,0.14,0.0,0.14,0.0,25,1.833333333333333,2.75,0,-0.2548529595547687,1.6624295263895197,-0.5327144911916302
Adarabioyo Tosin,0.0,0.0,Chelsea,26,1997,22,15,1409,15.7,1,1,2,1,0,0,4,0,0.06,0.06,0.13,0.06,0.13,0.0,26,1.2944444444444443,1.94,2,-0.9206651713805656,0.3558216478480385,0.02699343728460424
Adingra Simon,0.0,0.0,Brighton,22,2002,29,12,1097,12.2,2,2,4,2,0,0,0,0,0.16,0.16,0.33,0.16,0.33,0.0,22,2.1904040404040406,3.29,2,0.2737687718282654,-1.1854778168496372,-0.7496611565271234
Agbadou Emmanuel,0.0,0.0,Wolves,27,1997,16,16,1410,15.7,1,0,1,1,0,0,3,0,0.06,0.0,0.06,0.06,0.06,0.0,27,0.9506172839506172,1.43,2,-1.5157270384811903,0.27916862540070503,0.4237644870627866
Aina Ola,0.0,0.0,Nottingham Forest,27,1996,35,35,2995,33.3,2,1,3,2,0,0,5,0,0.06,0.03,0.09,0.06,0.09,0.0,27,2.269547325102881,3.4,0,0.4848504308461849,2.8979576392340896,-0.13171582340235738
Aït-Nouri Rayan,0.0,0.0,Wolves,23,2001,37,37,3109,34.5,4,7,11,4,0,0,7,1,0.12,0.2,0.32,0.12,0.32,0.0,23,5.675845410628019,8.51,0,3.379457600842778,2.8072031685972907,-1.4178152240369726
Ajer Kristoffer,0.0,0.0,Brentford,26,1998,24,17,1438,16.0,0,0,0,0,0,0,5,0,0.0,0.0,0.0,0.0,0.0,0.0,26,0.6145299145299146,0.92,0,-1.8088949634202292,1.1507942372650286,0.3015646528884876
Akanji Manuel,0.0,0.0,Manchester City,29,1995,26,23,2014,22.4,0,0,0,0,0,0,3,0,0.0,0.0,0.0,0.0,0.0,0.0,29,0.771647509578544,1.16,0,-1.50576197654704,1.6867648034786151,0.4507074099449258
Aké Nathan,0.0,0.0,Manchester City,29,1995,10,8,678,7.5,0,0,0,0,0,0,0,0,0.0,0.0,0.0,0.0,0.0,0.0,29,0.2597701149425287,0.39,2,-2.767198470003289,-0.7324698231294569,0.986618325440623
Alcaraz Carlos,0.0,0.0,Everton,21,2002,15,7,764,8.5,2,3,5,2,0,0,4,0,0.24,0.35,0.59,0.24,0.59,0.0,21,2.499470899470899,3.75,1,1.2717816551597936,-2.537581687744138,-1.7682603361115532
Alexander-Arnold Trent,0.0,0.0,Liverpool,25,1998,33,28,2365,26.3,3,6,9,3,0,0,5,0,0.11,0.23,0.34,0.11,0.34,0.0,25,4.171111111111111,6.26,0,2.2889548393032704,1.226686457778902,-1.0494573287325404
Alisson,0.0,0.0,Liverpool,31,1992,28,28,2508,27.9,0,0,0,0,0,0,0,0,0.0,0.0,0.0,0.0,0.0,0.0,31,0.8989247311827957,1.35,0,-1.2913204638424804,2.00566535854751,0.6624346414947623
Almirón Miguel,0.0,0.0,Newcastle United,30,1994,9,1,157,1.7,0,0,0,0,0,0,0,0,0.0,0.0,0.0,0.0,0.0,0.0,30,0.05814814814814815,0.09,2,-3.1250155725722983,-1.4000283748455982,1.1093282543795937
Álvarez Edson,0.0,0.0,West Ham United,26,1997,28,20,1772,19.7,0,1,1,0,0,0,9,1,0.0,0.05,0.05,0.0,0.05,0.0,26,1.064957264957265,1.6,0,-0.8884478208831325,2.3508500447509686,-0.3012282519511679
Amass Harry,0.0,0.0,Manchester Utd,17,2007,5,4,346,3.8,0,0,0,0,0,0,0,0,0.0,0.0,0.0,0.0,0.0,0.0,17,0.2261437908496732,0.34,2,-3.0638508119927184,-1.4791966612175498,0.5491985244411699
Andersen Joachim,0.0,0.0,Fulham,28,1996,29,29,2583,28.7,0,0,0,0,0,0,6,1,0.0,0.0,0.0,0.0,0.0,0.0,28,1.025,1.54,0,-0.8765930092047742,3.133320435310566,-0.0005322047105011517
Anderson Elliot,0.0,0.0,Nottingham Forest,21,2002,37,33,2728,30.3,2,6,8,2,0,0,10,0,0.07,0.2,0.26,0.07,0.26,0.0,21,4.681481481481481,7.02,0,2.1963471019806797,2.6964649425466574,-1.3863650129635807
André,0.0,0.0,Wolves,23,2001,33,31,2472,27.5,0,0,0,0,0,0,7,0,0.0,0.0,0.0,0.0,0.0,0.0,23,1.1942028985507245,1.79,0,-0.8716466718127497,2.913081913607166,-0.1917379942004357
Antonio Michail,0.0,0.0,West Ham United,34,1990,14,11,836,9.3,1,1,2,1,0,0,1,0,0.11,0.11,0.22,0.11,0.22,0.0,34,0.8026143790849674,1.2,2,-1.0656434845768772,-1.1146254514133946,0.3080827820381566
Antony,0.0,0.0,Manchester Utd,24,2000,8,0,141,1.6,0,0,0,0,0,0,0,0,0.0,0.0,0.0,0.0,0.0,0.0,24,0.06527777777777778,0.1,2,-3.161224307796541,-1.5709484992023828,0.853864933216952
Araujo Julian,0.0,0.0,Bournemouth,22,2001,12,7,497,5.5,0,0,0,0,0,0,2,0,0.0,0.0,0.0,0.0,0.0,0.0,22,0.251010101010101,0.38,2,-2.7329932618893134,-0.7097225119789639,0.598174081276344
Archer Cameron,0.0,0.0,Southampton,23,2001,35,13,1441,16.0,2,0,2,2,0,1,0,0,0.12,0.0,0.12,0.12,0.12,0.0,23,1.5657004830917876,2.35,2,-0.4181550699174242,-0.06042352956434958,0.7286843371501126
Areola Alphonse,0.0,0.0,West Ham United,31,1993,26,25,2260,25.1,0,0,0,0,0,0,0,0,0.0,0.0,0.0,0.0,0.0,0.0,31,0.8100358422939068,1.22,0,-1.4869903411949672,1.6274005492302503,0.6741468113407892
Aribo Joe,0.0,0.0,Southampton,28,1996,32,21,2013,22.4,3,0,3,3,0,0,1,0,0.13,0.0,0.13,0.13,0.13,0.0,28,1.8702380952380953,2.81,0,-0.05466328318860524,0.7505543954334216,0.18420760117542795
Armstrong Adam,0.0,0.0,Southampton,27,1997,20,15,1248,13.9,2,2,4,2,0,1,4,0,0.14,0.14,0.29,0.14,0.29,0.0,27,1.8469135802469137,2.77,2,0.42978739311958875,-0.5912126112780951,0.2571148645141042
Arrizabalaga Kepa,0.0,0.0,Bournemouth,29,1994,31,31,2790,31.0,0,0,0,0,0,0,3,0,0.0,0.0,0.0,0.0,0.0,0.0,29,1.0689655172413792,1.6,0,-0.9445617844226084,2.7450339147126113,0.33887334820314263
Asensio Marco,0.0,0.0,Aston Villa,28,1996,13,9,743,8.3,3,1,4,3,0,2,2,0,0.36,0.12,0.48,0.36,0.48,0.0,28,1.651984126984127,2.48,1,1.3200309550766671,-2.804104778392797,0.6563525106094782
Awoniyi Taiwo,0.0,0.0,Nottingham Forest,26,1997,26,3,416,4.6,1,0,1,1,0,0,0,0,0.22,0.0,0.22,0.22,0.22,0.0,26,0.5623931623931624,0.84,2,-1.1868708212964052,-1.8217687395792723,-0.035165380790758934
Ayari Yasin,0.0,0.0,Brighton,20,2003,34,22,1965,21.8,2,1,3,2,0,0,3,0,0.09,0.05,0.14,0.09,0.14,0.0,20,2.4916666666666663,3.74,0,-0.008288352699956687,1.0388463850105807,-0.399532707740773
Ayew Jordan,0.0,0.0,Leicester City,32,1991,30,19,1638,18.2,5,0,5,4,1,1,5,0,0.27,0.0,0.27,0.22,0.22,0.0,32,2.13125,3.2,0,1.44350159375602,0.07334673145865503,1.5285267297549465
Badiashile Benoît,0.0,0.0,Chelsea,23,2001,5,3,334,3.7,0,0,0,0,0,0,0,0,0.0,0.0,0.0,0.0,0.0,0.0,23,0.16135265700483092,0.24,2,-3.0929944006238674,-1.4247140589991234,0.8257218707315653
Bailey Leon,0.0,0.0,Aston Villa,26,1997,24,14,1139,12.7,1,2,3,1,0,0,3,0,0.08,0.16,0.24,0.08,0.24,0.0,26,1.4867521367521366,2.23,2,-0.37200890157197286,-0.3266797636061861,-0.3809446259776151
Baleba Carlos,0.0,0.0,Brighton,20,2004,34,31,2661,29.6,3,1,4,3,0,0,8,1,0.1,0.03,0.14,0.1,0.14,0.0,20,3.378333333333333,5.07,0,0.9785728356746538,2.7814887207170207,-0.8316725294944989
Barkley Ross,0.0,0.0,Aston Villa,30,1993,20,3,581,6.5,3,1,4,3,0,0,3,0,0.46,0.15,0.62,0.46,0.62,0.0,30,1.4818518518518518,2.22,1,1.4659741596334999,-3.237777846106813,-1.3054715715303402
Barnes Harvey,0.0,0.0,Newcastle United,26,1997,33,17,1755,19.5,9,4,13,9,0,0,0,0,0.46,0.21,0.67,0.46,0.67,0.0,26,5.4423076923076925,8.16,1,4.572966290574265,-2.2368844312910063,-1.404081190470376
Bassey Calvin,0.0,0.0,Fulham,24,1999,35,34,3074,34.2,1,0,1,1,0,0,7,0,0.03,0.0,0.03,0.03,0.03,0.0,24,1.839814814814815,2.76,0,-0.126975082448173,3.3908729674701505,-0.2215095412731192
Bayındır Altay,0.0,0.0,Manchester Utd,26,1998,4,4,360,4.0,0,0,0,0,0,0,0,0,0.0,0.0,0.0,0.0,0.0,0.0,26,0.15384615384615385,0.23,2,-3.089621458510775,-1.351987609376441,0.9712442569085021
Bednarek Jan,0.0,0.0,Southampton,28,1996,30,30,2531,28.1,2,0,2,2,0,0,7,0,0.07,0.0,0.07,0.07,0.07,0.0,28,1.7186507936507935,2.58,0,-0.06985962108064186,2.465761515050069,-0.028287343451845515
Bella Kotchap Armel,0.0,0.0,Southampton,22,2001,4,2,331,3.7,0,0,0,0,0,0,0,0,0.0,0.0,0.0,0.0,0.0,0.0,22,0.16717171717171717,0.25,2,-3.1321473411670318,-1.4902068089836915,0.8423312806990043
Bellegarde Jean-Ricner,0.0,0.0,Wolves,26,1998,35,20,1677,18.6,2,7,9,2,0,0,3,0,0.11,0.38,0.48,0.11,0.48,0.0,26,3.6397435897435892,5.46,1,2.358987617347507,-0.15487736624689352,-1.554066060476144
Bentancur Rodrigo,0.0,0.0,Tottenham Hotspur,27,1997,26,21,1645,18.3,2,0,2,2,0,0,9,0,0.11,0.0,0.11,0.11,0.11,0.0,27,1.4176954732510287,2.13,0,-0.3797847600818465,1.3493851382782345,-0.17387860525930876
Bentley Daniel,0.0,0.0,Wolves,31,1993,2,2,180,2.0,0,0,0,0,0,0,0,0,0.0,0.0,0.0,0.0,0.0,0.0,31,0.06451612903225806,0.1,2,-3.2466693494834185,-1.5439084822246854,1.2473285552258346
Berge Sander,0.0,0.0,Fulham,26,1998,31,26,2224,24.7,0,0,0,0,0,0,6,0,0.0,0.0,0.0,0.0,0.0,0.0,26,0.9504273504273505,1.43,0,-1.1449672651407155,2.413547530049451,0.060097687132542814
Bergvall Lucas,0.0,0.0,Tottenham Hotspur,18,2006,27,11,1212,13.5,0,1,1,0,0,0,3,0,0.0,0.07,0.07,0.0,0.07,0.0,18,1.1925925925925926,1.79,2,-1.5430838741714972,0.29338949856348573,-0.2469369318383766
Bernth Kristiansen Victor,0.0,0.0,Leicester City,21,2002,30,29,2482,27.6,0,1,1,0,0,0,1,0,0.0,0.04,0.04,0.0,0.04,0.0,21,1.6941798941798945,2.54,0,-0.8502020095495821,1.9288667714648207,-0.03749311606673562
Beto,0.0,0.0,Everton,26,1998,30,15,1534,17.0,8,0,8,8,0,0,2,0,0.47,0.0,0.47,0.47,0.47,0.0,26,3.7324786324786325,5.6,1,2.6981059334052975,-1.7737983131510964,-0.7507203569892329
Billing Philip,0.0,0.0,Bournemouth,28,1996,10,1,184,2.0,0,0,0,0,0,0,1,0,0.0,0.0,0.0,0.0,0.0,0.0,28,0.073015873015873,0.11,2,-3.052413061776639,-1.2619574487746301,0.9491531712883879
Bissouma Yves,0.0,0.0,Tottenham Hotspur,27,1996,28,16,1408,15.6,2,0,2,2,0,0,7,0,0.13,0.0,0.13,0.13,0.13,0.0,27,1.320164609053498,1.98,0,-0.49164548847701733,0.7275391974232919,-0.09140797829657345
Bogarde Lamare,0.0,0.0,Aston Villa,20,2004,8,5,476,5.3,0,0,0,0,0,0,2,0,0.0,0.0,0.0,0.0,0.0,0.0,20,0.2644444444444444,0.4,2,-2.8566332875956313,-0.9632787129557194,0.5240953532359363
Boly Willy,0.0,0.0,Nottingham Forest,33,1991,6,1,150,1.7,0,0,0,0,0,0,1,0,0.0,0.0,0.0,0.0,0.0,0.0,33,0.050505050505050504,0.08,2,-3.15571885509015,-1.327934699717652,1.2348906454254132
Botman Sven,0.0,0.0,Newcastle United,24,2000,8,6,412,4.6,0,0,0,0,0,0,1,0,0.0,0.0,0.0,0.0,0.0,0.0,24,0.19074074074074074,0.29,2,-2.9081387482156087,-1.0340158780523392,0.7619642044486697
Bowen Jarrod,0.0,0.0,West Ham United,27,1996,34,34,2973,33.0,13,8,21,12,1,1,1,0,0.39,0.24,0.64,0.36,0.61,0.0,27,8.408641975308642,12.61,1,7.272645972477557,-0.44396184664990573,0.43102639484626337
Bradley Conor,0.0,0.0,Liverpool,21,2003,19,7,754,8.4,0,2,2,0,0,0,4,0,0.0,0.24,0.24,0.0,0.24,0.0,21,1.160846560846561,1.74,2,-1.06052462625048,-0.7984314924673276,-0.6853258783283792
Branthwaite Jarrad,0.0,0.0,Everton,22,2002,30,28,2511,27.9,0,1,1,0,0,0,4,0,0.0,0.04,0.04,0.0,0.04,0.0,22,1.6318181818181818,2.45,0,-0.7424019079213288,2.271996507764797,-0.19613278166592074
Bree James,0.0,0.0,Southampton,26,1997,17,13,1075,11.9,0,1,1,0,0,0,0,0,0.0,0.08,0.08,0.0,0.08,0.0,26,0.767094017094017,1.15,2,-1.8612630604653844,-0.2974195389561611,0.42738723906766063
Brereton Ben,0.0,0.0,Southampton,25,1999,10,4,449,5.0,0,0,0,0,0,0,1,0,0.0,0.0,0.0,0.0,0.0,0.0,25,0.19955555555555557,0.3,2,-2.8869026605057853,-0.9951951299826765,0.7816918694232082
Broadhead Nathan,0.0,0.0,Ipswich Town,26,1998,18,7,702,7.8,2,0,2,2,0,0,1,0,0.26,0.0,0.26,0.26,0.26,0.0,26,1.0692307692307692,1.6,2,-0.6698674076384096,-1.8488751951684195,-0.12811752637302015
Broja Armando,0.0,0.0,Everton,22,2001,10,4,334,3.7,0,0,0,0,0,0,1,0,0.0,0.0,0.0,0.0,0.0,0.0,22,0.1686868686868687,0.25,2,-2.9319538730318393,-1.1201187256915193,0.7007386904465258
Brooks David,0.0,0.0,Bournemouth,27,1997,29,9,960,10.7,2,0,2,2,0,0,3,0,0.19,0.0,0.19,0.19,0.19,0.0,27,1.1358024691358024,1.7,2,-0.6001894136519313,-0.6284627851514415,-0.10698859281485358
Buendía Emi,0.0,0.0,Aston Villa,27,1996,12,0,98,1.1,0,0,0,0,0,0,1,0,0.0,0.0,0.0,0.0,0.0,0.0,27,0.040329218106995884,0.06,2,-3.0617205108593075,-1.3013897449135592,0.9311927923218793
Bueno Santiago,0.0,0.0,Wolves,25,1998,29,18,1687,18.7,0,0,0,0,0,0,2,0,0.0,0.0,0.0,0.0,0.0,0.0,25,0.7497777777777778,1.12,0,-1.6986669014592821,1.1793186688912978,0.36698768673997745
Buonanotte Facundo,0.0,0.0,Leicester City,19,2004,31,14,1523,16.9,5,2,7,5,0,0,8,0,0.3,0.12,0.41,0.3,0.41,0.0,19,4.364327485380117,6.55,1,2.1065910145250957,-0.48852853078112013,-1.4215662473488357
Burgess Cameron,0.0,0.0,Ipswich Town,28,1995,18,16,1541,17.1,0,2,2,0,0,0,0,0,0.0,0.12,0.12,0.0,0.12,0.0,28,1.182936507936508,1.77,2,-1.2570954581481861,0.13229676010295488,0.2923850821228155
Burn Dan,0.0,0.0,Newcastle United,32,1992,37,37,3330,37.0,1,1,2,1,0,0,11,0,0.03,0.03,0.05,0.03,0.05,0.0,32,1.71875,2.58,0,0.4915821737160903,4.285939950804328,-0.27686260810647734
Burns Wes,0.0,0.0,Ipswich Town,29,1994,18,12,926,10.3,0,1,1,0,0,0,1,0,0.0,0.1,0.1,0.0,0.1,0.0,29,0.6306513409961687,0.95,2,-1.8013493332949413,-0.31355483647003574,0.4324647233090307
Caicedo Moisés,0.0,0.0,Chelsea,22,2001,38,38,3351,37.2,1,2,3,1,0,0,11,0,0.03,0.05,0.08,0.03,0.08,0.0,22,2.8742424242424245,4.31,0,0.8331278270669943,4.154926753198664,-0.8078904840051848
Cairney Tom,0.0,0.0,Fulham,33,1991,25,3,628,7.0,2,0,2,2,0,0,3,1,0.29,0.0,0.29,0.29,0.29,0.0,33,0.8175084175084175,1.23,2,-0.27822544899846635,-1.2725142069591342,-0.24880502815920016
Cajuste Jens,0.0,0.0,Ipswich Town,24,1999,30,25,1959,21.8,1,1,2,1,0,0,2,0,0.05,0.05,0.09,0.05,0.09,0.0,24,1.6569444444444443,2.49,0,-0.5685894894126251,1.2318813393457113,-0.0267392294793804
Calafiori Riccardo,0.0,0.0,Arsenal,22,2002,19,11,983,10.9,2,1,3,2,0,0,4,0,0.18,0.09,0.27,0.18,0.27,0.0,22,1.7691919191919192,2.65,2,-0.2314967635935747,-1.0245397020753795,-0.581657943963653
Calvert-Lewin Dominic,0.0,0.0,Everton,27,1997,26,19,1609,17.9,3,1,4,3,0,0,2,0,0.17,0.06,0.22,0.17,0.22,0.0,27,2.0695473251028806,3.1,0,0.27351486583689155,-0.07466871768549593,-0.1647707745291279
Carlos Diego,0.0,0.0,Aston Villa,31,1993,10,8,830,9.2,0,0,0,0,0,0,1,0,0.0,0.0,0.0,0.0,0.0,0.0,31,0.2974910394265233,0.45,2,-2.6692850612519754,-0.46020325103373766,1.0114744316066004
Carvalho Fabio,0.0,0.0,Brentford,21,2002,19,3,455,5.1,2,1,3,2,0,0,1,0,0.4,0.2,0.59,0.4,0.59,0.0,21,1.5740740740740742,2.36,1,0.917744484622065,-3.5133108817895202,-1.6001104742348995
Casemiro,0.0,0.0,Manchester Utd,32,1992,24,18,1494,16.6,1,0,1,1,0,0,5,0,0.06,0.0,0.06,0.06,0.06,0.0,32,0.83125,1.25,0,-1.2083471585376195,0.9737609496133375,0.4219538482514257
Cash Matty,0.0,0.0,Aston Villa,26,1997,27,24,2070,23.0,1,1,2,1,0,0,7,0,0.04,0.04,0.09,0.04,0.09,0.0,26,1.5769230769230769,2.37,0,-0.4648480020192482,1.8579057129354593,-0.1269269429430822
Castagne Timothy,0.0,0.0,Fulham,28,1995,24,17,1649,18.3,0,1,1,0,0,0,1,0,0.0,0.05,0.05,0.0,0.05,0.0,28,0.9400793650793651,1.41,2,-1.4956260914280268,0.7547595285553965,0.42786754859721654
Chalobah Trevoh,0.0,0.0,Chelsea,25,1999,13,11,910,10.1,0,1,1,0,0,0,2,0,0.0,0.1,0.1,0.0,0.1,0.0,25,0.7244444444444444,1.09,2,-1.887336312036567,-0.4759255065880765,0.22553355355967727
Chalobah Trevoh,0.0,0.0,Crystal Palace,25,1999,12,12,1060,11.8,3,0,3,3,0,0,1,0,0.25,0.0,0.25,0.25,0.25,0.0,25,1.6711111111111112,2.51,2,-0.3720410307350878,-1.5866515760885318,-0.017622442735230635
Chaplin Conor,0.0,0.0,Ipswich Town,27,1997,22,10,857,9.5,1,1,2,1,0,0,2,0,0.11,0.11,0.21,0.11,0.21,0.0,27,1.0193415637860082,1.53,2,-0.8831293245449005,-0.8624224857444742,-0.15428822393556788
Chiesa Federico,0.0,0.0,Liverpool,26,1997,6,1,108,1.2,0,0,0,0,0,0,0,0,0.0,0.0,0.0,0.0,0.0,0.0,26,0.04615384615384615,0.07,2,-3.2039976075996117,-1.5775082959238655,1.0185678110128265
Chilwell Ben,0.0,0.0,Crystal Palace,27,1996,8,1,259,2.9,1,0,1,1,0,0,1,0,0.35,0.0,0.35,0.35,0.35,0.0,27,0.4769547325102881,0.72,2,-0.925983485976859,-3.0918196642015037,-0.26044676093030655
Choudhury Hamza,0.0,0.0,Leicester City,26,1997,4,1,131,1.5,0,0,0,0,0,0,0,0,0.0,0.0,0.0,0.0,0.0,0.0,26,0.05598290598290598,0.08,2,-3.2360516557329353,-1.6185925243606736,1.0441863533015363
Christie Ryan,0.0,0.0,Bournemouth,29,1995,29,27,2117,23.5,2,3,5,2,0,0,9,0,0.09,0.13,0.21,0.09,0.21,0.0,29,2.328352490421456,3.49,0,0.9129454303163617,1.8203226773184773,-0.6181958600069508
Clarke Harry,0.0,0.0,Ipswich Town,23,2001,7,4,379,4.2,0,0,0,0,0,0,3,1,0.0,0.0,0.0,0.0,0.0,0.0,23,0.18309178743961355,0.27,2,-2.787479455124063,-0.5793931017843319,0.4921494580311354
Clarke Jack,0.0,0.0,Ipswich Town,23,2000,32,12,1181,13.1,0,4,4,0,0,0,2,0,0.0,0.3,0.3,0.0,0.3,0.0,23,1.9618357487922704,2.94,2,-0.00209279407686151,-0.23385398523234083,-0.9211825479583184
Clyne Nathaniel,0.0,0.0,Crystal Palace,33,1991,13,5,483,5.4,0,0,0,0,0,0,1,0,0.0,0.0,0.0,0.0,0.0,0.0,33,0.16262626262626262,0.24,2,-2.8016591499508245,-0.7130147056119747,1.0984285141445085
Coady Conor,0.0,0.0,Leicester City,31,1993,22,19,1714,19.0,1,0,1,1,0,0,3,0,0.05,0.0,0.05,0.05,0.05,0.0,31,0.9369175627240144,1.41,0,-1.2725843065162046,0.919268985300943,0.5260417805173975
Coleman Séamus,0.0,0.0,Everton,35,1988,5,3,215,2.4,0,0,0,0,0,0,1,0,0.0,0.0,0.0,0.0,0.0,0.0,35,0.06825396825396825,0.1,2,-3.1195899967109955,-1.1914755733257558,1.3745756274193481
Collins Nathan,0.0,0.0,Brentford,23,2001,38,38,3420,38.0,2,3,5,2,0,0,5,0,0.05,0.08,0.13,0.05,0.13,0.0,23,3.5652173913043477,5.35,0,1.2872503713135341,3.2785601504805206,-0.6159125354310211
Collyer Toby,0.0,0.0,Manchester Utd,20,2004,6,0,179,2.0,0,0,0,0,0,0,0,0,0.0,0.0,0.0,0.0,0.0,0.0,20,0.09944444444444445,0.15,2,-3.183392917327074,-1.6668659248784956,0.6964252330935534
Colwill Levi,0.0,0.0,Chelsea,21,2003,35,35,3149,35.0,2,1,3,2,0,0,9,0,0.06,0.03,0.09,0.06,0.09,0.0,21,2.999470899470899,4.5,0,0.7080664614502749,3.3805820705953793,-0.6752850378080886
Cook Lewis,0.0,0.0,Bournemouth,27,1997,36,32,2978,33.1,1,3,4,1,0,0,8,1,0.03,0.09,0.12,0.03,0.12,0.0,27,2.4847736625514405,3.73,0,0.8714196016971782,3.55714756520177,-0.6959850276555145
Coufal Vladimír,0.0,0.0,West Ham United,31,1992,22,11,1067,11.9,0,0,0,0,0,0,5,0,0.0,0.0,0.0,0.0,0.0,0.0,31,0.38243727598566307,0.57,2,-2.114599835273955,0.6880788718263443,0.6499699584464317
Coulibaly Woyo,0.0,0.0,Leicester City,25,1999,4,1,109,1.2,0,0,0,0,0,0,1,0,0.0,0.0,0.0,0.0,0.0,0.0,25,0.04844444444444444,0.07,2,-3.2057024059776933,-1.5522151093688288,0.9023681762829711
Cresswell Aaron,0.0,0.0,West Ham United,34,1989,18,10,824,9.2,0,0,0,0,0,0,3,0,0.0,0.0,0.0,0.0,0.0,0.0,34,0.269281045751634,0.4,2,-2.3957000257578684,0.14994847976854384,0.9715716447600266
Cucurella Marc,0.0,0.0,Chelsea,26,1998,36,33,2988,33.2,5,1,6,5,0,0,10,1,0.15,0.03,0.18,0.15,0.18,0.0,26,3.5076923076923077,5.26,0,1.9910066915539717,3.178298962862318,-0.7349351950687133
Cuenca Jorge,0.0,0.0,Fulham,24,1999,8,4,351,3.9,0,0,0,0,0,0,0,0,0.0,0.0,0.0,0.0,0.0,0.0,24,0.1625,0.24,2,-3.0074702368280737,-1.25315617835102,0.8709489877991746
Cunha Matheus,0.0,0.0,Wolves,25,1999,33,29,2597,28.9,15,6,21,15,0,0,4,0,0.52,0.21,0.73,0.52,0.73,0.0,25,9.074222222222222,13.61,1,7.423145282897054,-1.2601607037270273,-1.5681196534590929
Daka Patson,0.0,0.0,Leicester City,25,1998,23,6,736,8.2,1,0,1,1,0,0,0,0,0.12,0.0,0.12,0.12,0.12,0.0,25,0.727111111111111,1.09,2,-1.605887437315849,-1.0605756170213165,0.29959149418188546
Dalot Diogo,0.0,0.0,Manchester Utd,25,1999,33,31,2814,31.3,0,3,3,0,0,0,5,0,0.0,0.1,0.1,0.0,0.1,0.0,25,2.2106666666666666,3.32,0,0.13409448208671745,2.7219294472738866,-0.4362414689961722
Damsgaard Mikkel,0.0,0.0,Brentford,24,2000,38,34,2911,32.3,2,10,12,2,0,0,2,0,0.06,0.31,0.37,0.06,0.37,0.0,24,5.514351851851852,8.27,1,3.1361677712260474,1.7485447285381202,-1.341781468170409
Danso Kevin,0.0,0.0,Tottenham Hotspur,25,1998,10,9,842,9.4,0,0,0,0,0,0,0,0,0.0,0.0,0.0,0.0,0.0,0.0,25,0.37422222222222223,0.56,2,-2.67744451029453,-0.6131539034372866,0.832998809498779
Davies Ben,0.0,0.0,Tottenham Hotspur,31,1993,17,14,1331,14.8,0,0,0,0,0,0,5,0,0.0,0.0,0.0,0.0,0.0,0.0,31,0.4770609318996416,0.72,2,-2.0593688814550952,0.8303935712797846,0.6434143045415711
Davis Leif,0.0,0.0,Ipswich Town,24,1999,33,32,2743,30.5,1,2,3,1,0,0,5,1,0.03,0.07,0.1,0.03,0.1,0.0,24,2.3532407407407407,3.53,0,0.34068833766550766,2.9366532849004403,-0.4822092224303115
Dawson Craig,0.0,0.0,Wolves,34,1990,15,10,971,10.8,0,0,0,0,0,0,2,0,0.0,0.0,0.0,0.0,0.0,0.0,34,0.31732026143790854,0.48,2,-2.436187083574655,0.04036281255452554,1.0080652206483816
De Bruyne Kevin,0.0,0.0,Manchester City,33,1991,28,19,1702,18.9,4,7,11,4,0,0,2,0,0.21,0.37,0.58,0.21,0.58,0.0,33,3.482154882154882,5.22,1,3.168445674207717,-0.9772768456109111,-1.2801257001035653
De Cordova-Reid Bobby,0.0,0.0,Leicester City,31,1993,23,9,744,8.3,1,2,3,1,0,0,2,0,0.12,0.24,0.36,0.12,0.36,0.0,31,1.1053763440860214,1.66,2,-0.14064270881921234,-1.349196397772729,-0.5541725093917267
Delap Liam,0.0,0.0,Ipswich Town,21,2003,37,32,2593,28.8,12,2,14,10,2,2,12,0,0.42,0.07,0.49,0.35,0.42,0.0,21,7.848148148148148,11.77,1,6.068489804846631,0.7821874323031366,1.663320797060572
den Berg Sepp,0.0,0.0,Brentford,22,2001,31,29,2586,28.7,0,0,0,0,0,0,3,0,0.0,0.0,0.0,0.0,0.0,0.0,22,1.3060606060606061,1.96,0,-1.0548567308745458,2.4005259636823766,0.043329485820752904
Devenny Justin,0.0,0.0,Crystal Palace,20,2003,23,4,507,5.6,1,1,2,1,0,0,1,0,0.18,0.18,0.36,0.18,0.36,0.0,20,1.1816666666666666,1.77,2,-0.4508373212223897,-2.1253423149660278,-0.9033277226962145
Dewsbury-Hall Kiernan,0.0,0.0,Chelsea,25,1998,13,2,264,2.9,0,1,1,0,0,0,0,0,0.0,0.34,0.34,0.0,0.34,0.0,25,0.43733333333333335,0.66,2,-1.401924009137541,-2.2648055862130767,-0.502489857445443
Diallo Amad,0.0,0.0,Manchester Utd,22,2002,26,20,1901,21.1,8,6,14,8,0,0,5,0,0.38,0.28,0.66,0.38,0.66,0.0,22,6.778282828282829,10.17,1,4.69891013856269,-1.453634351637025,-1.8870171286038082
Dias Rúben,0.0,0.0,Manchester City,27,1997,27,25,2271,25.2,0,0,0,0,0,0,4,0,0.0,0.0,0.0,0.0,0.0,0.0,27,0.9345679012345679,1.4,0,-1.3051552447245496,2.0741848848497435,0.2656377104103868
Díaz Luis,0.0,0.0,Liverpool,27,1997,36,28,2399,26.7,13,5,18,13,0,0,2,0,0.49,0.19,0.68,0.49,0.68,0.0,27,7.283539094650206,10.93,1,6.4005058549176335,-1.2759090857349815,-1.3554575239962596
Dibling Tyler,0.0,0.0,Southampton,18,2006,33,20,1874,20.8,2,0,2,2,0,0,6,0,0.1,0.0,0.1,0.1,0.1,0.0,18,2.2679012345679013,3.4,0,-0.31273678953795797,1.2623387613633643,-0.501535204770886
Digne Lucas,0.0,0.0,Aston Villa,31,1993,32,28,2351,26.1,0,4,4,0,0,0,4,0,0.0,0.15,0.15,0.0,0.15,0.0,31,1.874910394265233,2.81,0,0.2076355429651614,2.057822517781961,-0.2521012043749774
Diop Issa,0.0,0.0,Fulham,27,1997,21,15,1339,14.9,0,0,0,0,0,0,2,0,0.0,0.0,0.0,0.0,0.0,0.0,27,0.5510288065843622,0.83,2,-2.0626465259236086,0.574142636979077,0.5613011074908818
Disasi Axel,0.0,0.0,Aston Villa,26,1998,7,5,490,5.4,0,0,0,0,0,0,2,0,0.0,0.0,0.0,0.0,0.0,0.0,26,0.2094017094017094,0.31,2,-2.88052191669659,-0.8879843812634753,0.810017447277387
Disasi Axel,0.0,0.0,Chelsea,26,1998,6,4,364,4.0,1,0,1,1,0,0,1,0,0.25,0.0,0.25,0.25,0.25,0.0,26,0.5401709401709401,0.81,2,-1.4127616438897173,-2.4920324611266387,0.033983679417064004
Doherty Matt,0.0,0.0,Wolves,32,1992,30,25,2109,23.4,2,1,3,2,0,0,6,0,0.09,0.04,0.13,0.09,0.13,0.0,32,1.6072916666666668,2.41,0,0.07733938621659339,1.6959218354171146,0.01749404518438211
Doku Jeremy,0.0,0.0,Manchester City,22,2002,29,16,1516,16.8,3,6,9,3,0,0,1,0,0.18,0.36,0.53,0.18,0.53,0.0,22,4.311111111111111,6.47,1,2.387721533965163,-1.260126035633691,-1.6212446863549423
Domínguez Nicolás,0.0,0.0,Nottingham Forest,26,1998,34,23,1963,21.8,0,1,1,0,0,0,9,0,0.0,0.05,0.05,0.0,0.05,0.0,26,1.1465811965811965,1.72,0,-0.7439558151046821,2.4110628357010486,-0.3138186335301579
Dorgu Patrick,0.0,0.0,Manchester Utd,19,2004,12,10,842,9.4,0,0,0,0,0,0,3,1,0.0,0.0,0.0,0.0,0.0,0.0,19,0.4923976608187135,0.74,2,-2.3829180445819116,0.09956549289800118,0.23030083176024713
Doucouré Abdoulaye,0.0,0.0,Everton,31,1993,33,31,2564,28.5,3,2,5,3,0,0,5,1,0.11,0.07,0.18,0.11,0.18,0.0,31,2.4028673835125445,3.6,0,1.162064636126054,2.357390899223033,-0.33189950248994704
Doucouré Cheick,0.0,0.0,Crystal Palace,24,2000,13,4,452,5.0,0,0,0,0,0,0,1,0,0.0,0.0,0.0,0.0,0.0,0.0,24,0.20925925925925926,0.31,2,-2.821597976929766,-0.9185044120530752,0.694378980667302
Downes Flynn,0.0,0.0,Southampton,25,1999,27,25,2151,23.9,1,0,1,1,0,0,12,0,0.04,0.0,0.04,0.04,0.04,0.0,25,1.3559999999999999,2.03,0,-0.5881042276098916,2.6432930202178793,-0.3089936670226449
Doyle Tommy,0.0,0.0,Wolves,22,2001,24,3,488,5.4,0,1,1,0,0,0,1,0,0.0,0.18,0.18,0.0,0.18,0.0,22,0.6101010101010101,0.92,2,-1.674328567001933,-1.1474464367503072,-0.22763177825588776
Drăgușin Radu,0.0,0.0,Tottenham Hotspur,22,2002,16,14,1252,13.9,0,0,0,0,0,0,1,0,0.0,0.0,0.0,0.0,0.0,0.0,22,0.6323232323232323,0.95,2,-2.253743182716924,0.11828479704461312,0.4664338923279837
Dúbravka Martin,0.0,0.0,Newcastle United,35,1989,10,10,900,10.0,0,0,0,0,0,0,0,0,0.0,0.0,0.0,0.0,0.0,0.0,35,0.2857142857142857,0.43,2,-2.6482853879668298,-0.3896815662323326,1.2350973928018323
Dunk Lewis,0.0,0.0,Brighton,32,1991,25,23,2083,23.1,0,0,0,0,0,0,5,0,0.0,0.0,0.0,0.0,0.0,0.0,32,0.7232638888888889,1.08,0,-1.4290233032848638,2.009747259683691,0.5350302965421331
Durán Jáder,0.0,0.0,Aston Villa,20,2003,20,4,638,7.1,7,0,7,7,0,0,3,1,0.99,0.0,0.99,0.99,0.99,0.0,20,3.8544444444444443,5.78,1,4.656290000754763,-5.375070870552942,-2.952241286599317
Ederson,0.0,0.0,Manchester City,30,1993,26,26,2320,25.8,0,4,4,0,0,0,4,0,0.0,0.16,0.16,0.0,0.16,0.0,30,1.925925925925926,2.89,0,0.07508192919473358,1.7527726735602713,-0.2010058474938098
Édouard Odsonne,0.0,0.0,Crystal Palace,26,1998,2,1,115,1.3,0,0,0,0,0,0,0,0,0.0,0.0,0.0,0.0,0.0,0.0,26,0.049145299145299144,0.07,2,-3.2840746720170335,-1.7093508676374554,1.0279410382416794
Elanga Anthony,0.0,0.0,Nottingham Forest,22,2002,38,31,2501,27.8,6,11,17,6,0,0,1,0,0.22,0.4,0.61,0.22,0.61,0.0,22,7.990404040404041,11.99,1,5.244243631690934,-0.06879380260382056,-1.962777965113556
Elliott Harvey,0.0,0.0,Liverpool,21,2003,18,2,371,4.1,1,2,3,1,0,0,1,0,0.24,0.49,0.73,0.24,0.73,0.0,21,1.4343915343915343,2.15,1,1.1267426592521386,-3.7086824583111833,-2.2839773865940884
Enciso Julio,0.0,0.0,Ipswich Town,20,2004,13,12,869,9.7,2,3,5,2,0,0,3,0,0.21,0.31,0.52,0.21,0.52,0.0,20,2.6827777777777775,4.02,1,0.9983541352002442,-2.217412428499473,-1.5286453228158607
Enciso Julio,0.0,0.0,Brighton,20,2004,12,2,294,3.3,0,0,0,0,0,0,0,0,0.0,0.0,0.0,0.0,0.0,0.0,20,0.16333333333333333,0.24,2,-2.974183971321262,-1.3234357991687966,0.5978400986094035
Endo Wataru,0.0,0.0,Liverpool,31,1993,20,1,273,3.0,0,0,0,0,0,0,0,0,0.0,0.0,0.0,0.0,0.0,0.0,31,0.09784946236559139,0.15,2,-2.8458748574162676,-0.9549521538527195,0.9919132592395027
Eriksen Christian,0.0,0.0,Manchester Utd,32,1992,23,11,1061,11.8,1,2,3,0,1,1,4,0,0.08,0.17,0.25,0.0,0.17,0.0,32,1.1809027777777779,1.77,2,-0.14621352027874804,-0.2720706371163981,1.4796509531142488
Esse Romain,0.0,0.0,Crystal Palace,19,2005,7,1,138,1.5,1,1,2,1,0,0,0,0,0.65,0.65,1.3,0.65,1.3,0.0,19,1.0280701754385966,1.54,1,3.4415262040791017,-7.022881579592988,-4.3159425346717315
Estupiñán Pervis,0.0,0.0,Brighton,26,1998,30,26,2402,26.7,1,1,2,1,0,0,5,0,0.04,0.04,0.07,0.04,0.07,0.0,26,1.718803418803419,2.58,0,-0.35269891945438175,2.0717035895683518,-0.1035622344744377
Evanilson,0.0,0.0,Bournemouth,24,1999,31,28,2319,25.8,10,1,11,10,0,1,1,1,0.39,0.04,0.43,0.39,0.43,0.0,24,5.57361111111111,8.36,1,4.018382026688523,-0.30952773583635435,0.026546258131100512
Evans Jonny,0.0,0.0,Manchester Utd,36,1988,7,3,315,3.5,0,0,0,0,0,0,1,0,0.0,0.0,0.0,0.0,0.0,0.0,36,0.09722222222222222,0.15,2,-3.0365175979105925,-1.050886154603232,1.338164636680549
Eze Eberechi,0.0,0.0,Crystal Palace,26,1998,34,31,2588,28.8,8,8,16,7,1,2,1,0,0.28,0.28,0.56,0.24,0.52,0.0,26,6.644444444444445,9.97,1,5.6439261976708135,-0.24395171877220106,1.0108829896936753
Fabiański Łukasz,0.0,0.0,West Ham United,39,1985,14,13,1160,12.9,0,0,0,0,0,0,2,0,0.0,0.0,0.0,0.0,0.0,0.0,39,0.3304843304843305,0.5,2,-2.3339300390306223,0.3427000056293527,1.2253367340748897
Faes Wout,0.0,0.0,Leicester City,26,1998,34,30,2815,31.3,1,0,1,1,0,0,4,0,0.03,0.0,0.03,0.03,0.03,0.0,26,1.5876068376068377,2.38,0,-0.439181342684869,2.6790866327374956,0.029570911102484724
Fatawu Issahaku Abdul,0.0,0.0,Leicester City,20,2004,11,6,579,6.4,0,2,2,0,0,0,0,0,0.0,0.31,0.31,0.0,0.31,0.0,20,1.1216666666666666,1.68,2,-1.183195113141445,-1.9251829493689105,-0.6696212058951058
Félix João,0.0,0.0,Chelsea,24,1999,12,3,369,4.1,1,1,2,1,0,0,2,0,0.24,0.24,0.49,0.24,0.49,0.0,24,0.9208333333333334,1.38,2,-0.12940526938306043,-2.9352293414635273,-1.0905851647499945
Ferguson Evan,0.0,0.0,Brighton,19,2004,13,2,246,2.7,1,0,1,1,0,0,0,0,0.37,0.0,0.37,0.37,0.37,0.0,19,0.6701754385964913,1.01,2,-0.7289830081358131,-3.266853750501804,-0.7171071673753828
Ferguson Evan,0.0,0.0,West Ham United,19,2004,8,1,156,1.7,0,0,0,0,0,0,0,0,0.0,0.0,0.0,0.0,0.0,0.0,19,0.0912280701754386,0.14,2,-3.1339499716310617,-1.5920203664135315,0.6682202317953798
Fernandes Bruno,0.0,0.0,Manchester Utd,29,1994,36,35,3018,33.5,8,10,18,5,3,3,5,2,0.24,0.3,0.54,0.15,0.45,0.0,29,6.673563218390805,10.01,3,7.063621706552846,1.674335540456468,3.0961613703474233
Fernandes Mateus,0.0,0.0,Southampton,20,2004,36,34,2909,32.3,2,4,6,2,0,0,8,0,0.06,0.12,0.19,0.06,0.19,0.0,20,4.216111111111111,6.32,0,1.5029660617213076,2.8001628362245397,-1.0493496808189715
Fernández Enzo,0.0,0.0,Chelsea,23,2001,36,32,2947,32.7,6,7,13,6,0,0,8,0,0.18,0.21,0.4,0.18,0.4,0.0,23,6.467149758454106,9.7,1,4.005684690349045,1.7880772356494916,-1.4146787776533345
Flekken Mark,0.0,0.0,Brentford,31,1993,37,37,3275,36.4,0,2,2,0,0,0,1,0,0.0,0.05,0.05,0.0,0.05,0.0,31,1.689964157706093,2.53,0,-0.030514379630104407,3.176939918014857,0.14137464276327608
Foden Phil,0.0,0.0,Manchester City,24,2000,28,20,1777,19.7,7,2,9,7,0,0,2,0,0.35,0.1,0.46,0.35,0.46,0.0,24,4.406018518518518,6.61,1,2.7420042999599246,-1.1446196958521553,-0.9050920475108926
Fofana Wesley,0.0,0.0,Chelsea,23,2000,14,14,1172,13.0,0,0,0,0,0,0,7,0,0.0,0.0,0.0,0.0,0.0,0.0,23,0.5661835748792271,0.85,2,-2.1040836639037064,0.7341177106063543,0.27460901791514863
Forbs Carlos,0.0,0.0,Wolves,20,2004,10,1,239,2.7,0,0,0,0,0,0,2,0,0.0,0.0,0.0,0.0,0.0,0.0,20,0.13277777777777777,0.2,2,-2.9803949130614624,-1.2254792066217401,0.5270707623634978
Forster Fraser,0.0,0.0,Tottenham Hotspur,36,1988,7,7,630,7.0,0,0,0,0,0,0,0,0,0.0,0.0,0.0,0.0,0.0,0.0,36,0.19444444444444445,0.29,2,-2.8757843321161736,-0.7822517196670293,1.3534451235905547
Fraser Ryan,0.0,0.0,Southampton,30,1994,8,4,306,3.4,0,0,0,0,0,0,0,1,0.0,0.0,0.0,0.0,0.0,0.0,30,0.11333333333333333,0.17,2,-2.918448485340175,-0.8485758093491131,0.9618712940415624
Fredricson Tyler,0.0,0.0,Manchester Utd,19,2005,2,2,165,1.8,0,0,0,0,0,0,0,0,0.0,0.0,0.0,0.0,0.0,0.0,19,0.09649122807017543,0.14,2,-3.238526986049871,-1.7503676934589087,0.7027057258375089
Füllkrug Niclas,0.0,0.0,West Ham United,31,1993,18,6,790,8.8,3,2,5,3,0,0,2,0,0.34,0.23,0.57,0.34,0.57,0.0,31,1.767025089605735,2.65,1,1.3561587501451458,-2.748660050752791,-1.1057668437066936
Gakpo Cody,0.0,0.0,Liverpool,25,1999,35,23,1935,21.5,10,4,14,10,0,0,5,0,0.47,0.19,0.65,0.47,0.65,0.0,25,6.14,9.21,1,5.177087776695355,-1.2840092927599156,-1.6775822342059634
Gana Gueye Idrissa,0.0,0.0,Everton,34,1989,37,35,3063,34.0,0,3,3,0,0,0,9,0,0.0,0.09,0.09,0.0,0.09,0.0,34,1.7068627450980391,2.56,0,0.487250983407643,3.8406142822802063,-0.24022305002802247
García Andrés,0.0,0.0,Aston Villa,21,2003,7,5,318,3.5,0,0,0,0,0,0,0,0,0.0,0.0,0.0,0.0,0.0,0.0,21,0.16825396825396824,0.25,2,-3.020400324023752,-1.3419251702482395,0.7032281800088074
Garnacho Alejandro,0.0,0.0,Manchester Utd,20,2004,36,23,2199,24.4,6,2,8,6,0,0,3,0,0.25,0.08,0.33,0.25,0.33,0.0,20,5.0216666666666665,7.53,1,2.289039991397951,0.2308384446390514,-0.9013488191648531
Garner James,0.0,0.0,Everton,23,2001,21,17,1594,17.7,0,1,1,0,0,0,5,0,0.0,0.06,0.06,0.0,0.06,0.0,23,1.1178743961352657,1.68,0,-1.3813315890798032,0.9644970324931106,-0.05043611209383289
George Tyrique,0.0,0.0,Chelsea,18,2006,8,1,183,2.0,1,1,2,1,0,0,1,0,0.49,0.49,0.98,0.49,0.98,0.0,18,1.112962962962963,1.67,1,1.998713397748281,-5.539448086349016,-3.1941922446422386
Gibbs-White Morgan,0.0,0.0,Nottingham Forest,24,2000,34,34,2803,31.1,7,8,15,7,0,0,11,1,0.22,0.26,0.48,0.22,0.48,0.0,24,6.881018518518519,10.32,1,4.984274587791095,2.042721313521469,-1.8882951333389737
Gilmour Billy,0.0,0.0,Brighton,23,2001,2,1,98,1.1,0,0,0,0,0,0,0,0,0.0,0.0,0.0,0.0,0.0,0.0,23,0.04734299516908212,0.07,2,-3.2875199690729486,-1.7716554832851314,0.8929447644436542
Godfrey Ben,0.0,0.0,Ipswich Town,26,1998,3,2,159,1.8,0,0,0,0,0,0,1,0,0.0,0.0,0.0,0.0,0.0,0.0,26,0.06794871794871794,0.1,2,-3.1893959831705216,-1.491319971915629,0.9546713519871466
Gomes João,0.0,0.0,Wolves,23,2001,36,35,2974,33.0,3,1,4,3,0,0,11,1,0.09,0.03,0.12,0.09,0.12,0.0,23,3.088888888888889,4.63,0,1.2492708629909761,3.6995086311681704,-0.8621549969962926
Gomes Rodrigo,0.0,0.0,Wolves,21,2003,25,7,810,9.0,2,0,2,2,0,0,0,0,0.22,0.0,0.22,0.22,0.22,0.0,21,1.380952380952381,2.07,2,-0.7256316349880164,-1.5434264141451346,-0.25961604059508997
Gomes Toti,0.0,0.0,Wolves,25,1999,31,30,2614,29.0,0,1,1,0,0,0,7,0,0.0,0.03,0.03,0.0,0.03,0.0,25,1.4817777777777779,2.22,0,-0.57610131738348,2.884758677485572,-0.20629135833489273
Gómez Diego,0.0,0.0,Brighton,21,2003,16,4,516,5.7,1,0,1,1,0,0,0,0,0.17,0.0,0.17,0.17,0.17,0.0,21,0.7492063492063492,1.12,2,-1.603213780288225,-1.855316329608119,0.006651575518155889
Gomez Joe,0.0,0.0,Liverpool,27,1997,9,6,519,5.8,0,0,0,0,0,0,1,0,0.0,0.0,0.0,0.0,0.0,0.0,27,0.21358024691358024,0.32,2,-2.8466633618166837,-0.8692472159462623,0.8752658329772142
González Nicolás,0.0,0.0,Manchester City,22,2002,11,9,760,8.4,1,0,1,1,0,0,3,0,0.12,0.0,0.12,0.12,0.12,0.0,22,0.8383838383838383,1.26,2,-1.6802242115653079,-1.018810872367086,0.11590804030158613
Gordon Anthony,0.0,0.0,Newcastle United,23,2001,34,28,2434,27.0,6,5,11,5,1,2,2,0,0.22,0.18,0.41,0.18,0.37,0.0,23,5.523671497584542,8.29,1,3.8370493879181002,0.2346324105489541,1.3012968711961344
Gravenberch Ryan,0.0,0.0,Liverpool,22,2002,37,37,3160,35.1,0,4,4,0,0,0,6,1,0.0,0.11,0.11,0.0,0.11,0.0,22,3.0505050505050506,4.58,0,0.8382480790658154,3.7373390580221453,-0.9111299399542432
Gray Archie,0.0,0.0,Tottenham Hotspur,18,2006,28,19,1751,19.5,0,0,0,0,0,0,1,0,0.0,0.0,0.0,0.0,0.0,0.0,18,1.0808641975308642,1.62,0,-1.7025310819291373,0.9898771084511162,0.06129723351493798
Grealish Jack,0.0,0.0,Manchester City,28,1995,20,7,721,8.0,1,1,2,1,0,0,3,0,0.12,0.12,0.25,0.12,0.25,0.0,28,0.928968253968254,1.39,2,-0.8548402397029764,-1.1062433798217344,-0.18497308070920185
Greaves Jacob,0.0,0.0,Ipswich Town,23,2000,25,25,2205,24.5,1,0,1,1,0,0,5,0,0.04,0.0,0.04,0.04,0.04,0.0,23,1.5,2.25,0,-0.8723673547318506,1.7820848878820597,0.039136755286919726
Gruda Brajan,0.0,0.0,Brighton,20,2004,21,8,687,7.6,1,4,5,1,0,0,0,0,0.13,0.52,0.66,0.13,0.66,0.0,20,2.4816666666666665,3.72,1,1.2949194361200278,-2.8153838587488265,-2.096764114547263
Grønbaek Albert,0.0,0.0,Southampton,23,2001,4,2,143,1.6,0,0,0,0,0,0,0,0,0.0,0.0,0.0,0.0,0.0,0.0,23,0.06908212560386473,0.1,2,-3.2093920339662847,-1.640863174529152,0.8586718429149182
Guedes Gonçalo,0.0,0.0,Wolves,27,1996,29,10,995,11.1,2,4,6,2,0,0,1,0,0.18,0.36,0.54,0.18,0.54,0.0,27,2.3353909465020575,3.5,1,1.488543694789535,-1.7888352375614078,-1.3783254597442678
Guéhi Marc,0.0,0.0,Crystal Palace,24,2000,34,34,3059,34.0,3,2,5,3,0,0,9,1,0.09,0.06,0.15,0.09,0.15,0.0,24,3.33287037037037,5.0,0,1.44934898863429,3.3779769458945457,-0.8119252289486537
Guilherme Luis,0.0,0.0,West Ham United,18,2006,12,1,150,1.7,0,0,0,0,0,0,0,0,0.0,0.0,0.0,0.0,0.0,0.0,18,0.0925925925925926,0.14,2,-3.048098119237632,-1.504499336381812,0.5219007382694255
Guimarães Bruno,0.0,0.0,Newcastle United,26,1997,38,38,3271,36.3,5,6,11,5,0,0,7,0,0.14,0.17,0.3,0.14,0.3,0.0,26,5.1670940170940165,7.75,0,3.392599675044308,2.6551882114024172,-0.9781335293277833
Gündoğan İlkay,0.0,0.0,Manchester City,33,1990,33,25,2223,24.7,1,6,7,1,0,0,1,0,0.04,0.24,0.28,0.04,0.28,0.0,33,2.5060606060606063,3.76,0,1.191956052579391,1.0837702291324358,-0.3900449117193113
Gusto Malo,0.0,0.0,Chelsea,21,2003,32,19,1862,20.7,0,1,1,0,0,0,4,0,0.0,0.05,0.05,0.0,0.05,0.0,21,1.366137566137566,2.05,0,-1.0801037273997238,1.4636445310017234,-0.2298758911989476
Gvardiol Joško,0.0,0.0,Manchester City,22,2002,37,36,3277,36.4,5,0,5,5,0,0,2,0,0.14,0.0,0.14,0.14,0.14,0.0,22,3.9277777777777776,5.89,0,1.4155477959158207,2.2983177413957248,-0.2382972037430184
Haaland Erling,0.0,0.0,Manchester City,24,2000,31,31,2736,30.4,22,3,25,19,3,4,2,0,0.72,0.1,0.82,0.62,0.72,0.0,24,11.433333333333332,17.15,3,10.629475173230658,-2.632693997547637,4.263124010711465
Hall Lewis,0.0,0.0,Newcastle United,19,2004,27,24,2189,24.3,0,4,4,0,0,0,3,0,0.0,0.16,0.16,0.0,0.16,0.0,19,2.964327485380117,4.45,0,-0.01729122865896371,1.3141473590317478,-0.6458121252351245
Hamadi Ali,0.0,0.0,Ipswich Town,22,2002,11,0,134,1.5,0,0,0,0,0,0,3,0,0.0,0.0,0.0,0.0,0.0,0.0,22,0.06767676767676768,0.1,2,-2.9848556603007044,-1.1634440377106805,0.5630724470740458
Harrison Jack,0.0,0.0,Everton,27,1996,34,24,2076,23.1,1,0,1,1,0,0,0,0,0.04,0.0,0.04,0.04,0.04,0.0,27,1.2246913580246912,1.84,0,-0.9461529438589721,1.3947843473249648,0.3744234856190921
Harwood-Bellis Taylor,0.0,0.0,Southampton,22,2002,34,32,2825,31.4,1,0,1,1,0,0,9,0,0.03,0.0,0.03,0.03,0.03,0.0,22,1.8813131313131313,2.82,0,-0.20601769734922667,3.280632215379148,-0.4231078725726423
Havertz Kai,0.0,0.0,Arsenal,25,1999,23,21,1875,20.8,9,3,12,9,0,0,5,0,0.43,0.14,0.58,0.43,0.58,0.0,25,5.3933333333333335,8.09,1,4.068222579475295,-1.420408271680364,-1.264787197384846
Heaven Ayden,0.0,0.0,Manchester Utd,17,2006,4,2,170,1.9,0,0,0,0,0,0,1,0,0.0,0.0,0.0,0.0,0.0,0.0,17,0.1111111111111111,0.17,2,-3.1542129014555247,-1.5816428135321876,0.5758762658910676
Hecke Jan Paul,0.0,0.0,Brighton,24,2000,34,33,2958,32.9,1,1,2,1,0,0,8,1,0.03,0.03,0.06,0.03,0.06,0.0,24,2.1194444444444445,3.18,0,0.24052702808094972,3.6191459397626975,-0.557796905997023
Hee-chan Hwang,0.0,0.0,Wolves,28,1996,21,5,661,7.3,2,0,2,2,0,0,0,0,0.27,0.0,0.27,0.27,0.27,0.0,28,0.9765873015873016,1.46,2,-0.6451140895929627,-1.9961519701866568,-0.05437933487073594
Henderson Dean,0.0,0.0,Crystal Palace,27,1997,38,38,3420,38.0,0,0,0,0,0,0,3,0,0.0,0.0,0.0,0.0,0.0,0.0,27,1.4074074074074074,2.11,0,-0.4129029257859735,3.6502936220435878,0.03239236439486414
Henry Rico,0.0,0.0,Brentford,27,1997,5,0,99,1.1,0,0,0,0,0,0,0,0,0.0,0.0,0.0,0.0,0.0,0.0,27,0.040740740740740744,0.06,2,-3.2462239098200834,-1.648995403897036,1.0358272184799575
Hermansen Mads,0.0,0.0,Leicester City,24,2000,27,27,2385,26.5,0,0,0,0,0,0,1,0,0.0,0.0,0.0,0.0,0.0,0.0,24,1.1041666666666667,1.66,0,-1.333036186074796,1.8311892113188015,0.2727380436017582
Heung-min Son,0.0,0.0,Tottenham Hotspur,32,1992,30,24,2110,23.4,7,9,16,6,1,2,1,0,0.3,0.38,0.68,0.26,0.64,0.0,32,5.170138888888889,7.76,1,5.685297432172061,-1.2423045203391205,0.8416817194636492
Hill James,0.0,0.0,Bournemouth,22,2002,10,6,448,5.0,0,1,1,0,0,0,1,0,0.0,0.2,0.2,0.0,0.2,0.0,22,0.5898989898989899,0.88,2,-1.8505744139843052,-1.582403405851427,-0.16299914078154215
Hinshelwood Jack,0.0,0.0,Brighton,19,2005,26,22,1842,20.5,5,2,7,5,0,0,5,0,0.24,0.1,0.34,0.24,0.34,0.0,19,4.5508771929824565,6.83,1,1.7765450415808963,-0.13699143497192,-1.0022587025142684
Hirst George,0.0,0.0,Ipswich Town,25,1999,26,5,661,7.3,3,1,4,3,0,0,3,0,0.41,0.14,0.54,0.41,0.54,0.0,25,1.8137777777777777,2.72,1,1.307012843094977,-2.6952923171775534,-1.407862112492585
Hudson-Odoi Callum,0.0,0.0,Nottingham Forest,23,2000,31,25,2194,24.4,5,2,7,5,0,0,2,0,0.21,0.08,0.29,0.21,0.29,0.0,23,3.9294685990338167,5.89,1,1.7142868420970192,0.33928987752004597,-0.5314585488115442
Hughes Will,0.0,0.0,Crystal Palace,29,1995,33,24,2108,23.4,0,3,3,0,0,0,11,0,0.0,0.13,0.13,0.0,0.13,0.0,29,1.6352490421455936,2.45,0,0.06751270294384482,2.599328101577901,-0.6121430278857047
Huijsen Dean,0.0,0.0,Bournemouth,19,2005,32,26,2427,27.0,3,2,5,3,0,0,10,0,0.11,0.07,0.19,0.11,0.19,0.0,19,3.8403508771929826,5.76,0,1.112877865508852,2.066232346023773,-0.9828407528402582
Hutchinson Omari,0.0,0.0,Ipswich Town,20,2003,31,30,2583,28.7,3,2,5,3,0,0,5,0,0.1,0.07,0.17,0.1,0.17,0.0,20,3.7350000000000003,5.6,0,0.9546130810508914,1.8073000498231102,-0.5802491921055343
Højlund Rasmus,0.0,0.0,Manchester Utd,21,2003,32,23,2004,22.3,4,0,4,4,0,0,2,0,0.18,0.0,0.18,0.18,0.18,0.0,21,2.965079365079365,4.45,0,0.5370050062711365,0.5159502247813793,-0.2995063448018441
Igor,0.0,0.0,Brighton,26,1998,13,10,961,10.7,0,0,0,0,0,0,4,0,0.0,0.0,0.0,0.0,0.0,0.0,26,0.41068376068376067,0.62,2,-2.3966328799134917,0.07919863165960525,0.5667731391046733
Ings Danny,0.0,0.0,West Ham United,32,1992,15,1,284,3.2,1,2,3,1,0,0,0,0,0.32,0.63,0.95,0.32,0.95,0.0,32,0.9111111111111111,1.37,1,1.9667156021390975,-4.686539142741942,-2.537629361880228
Iroegbunam Tim,0.0,0.0,Everton,21,2003,18,5,574,6.4,0,1,1,0,0,0,4,0,0.0,0.16,0.16,0.0,0.16,0.0,21,0.6846560846560846,1.03,2,-1.696194674119058,-0.8081789395901366,-0.32698748626886764
Irving Andy,0.0,0.0,West Ham United,24,2000,10,1,166,1.8,0,0,0,0,0,0,2,0,0.0,0.0,0.0,0.0,0.0,0.0,24,0.07685185185185185,0.12,2,-3.01691629307881,-1.2225968164823513,0.7157629548896557
Isak Alexander,0.0,0.0,Newcastle United,24,1999,34,34,2756,30.6,23,6,29,19,4,4,1,0,0.75,0.2,0.95,0.62,0.82,0.0,24,12.85925925925926,19.29,3,12.18036715243317,-2.9625139275509236,4.71590890997801
Iwobi Alex,0.0,0.0,Fulham,28,1996,38,35,2981,33.1,9,6,15,9,0,0,1,0,0.27,0.18,0.45,0.27,0.45,0.0,28,6.111507936507936,9.17,1,4.735487040088434,0.7338930003444365,-0.8109572455161058
Jackson Nicolas,0.0,0.0,Chelsea,23,2001,30,28,2220,24.7,10,5,15,10,0,0,7,1,0.41,0.2,0.61,0.41,0.61,0.0,23,7.159420289855072,10.74,1,5.385932985705804,-0.20336811174674582,-1.8220786764647374
James Reece,0.0,0.0,Chelsea,24,1999,19,12,1063,11.8,1,1,2,1,0,0,1,0,0.08,0.08,0.17,0.08,0.17,0.0,24,1.2421296296296296,1.86,2,-1.100127601552841,-0.6666779740885556,0.019683724422863893
Janelt Vitaly,0.0,0.0,Brentford,26,1998,32,27,2254,25.0,1,3,4,1,0,0,3,0,0.04,0.12,0.16,0.04,0.16,0.0,26,2.270940170940171,3.41,0,0.2773180035938195,1.5741011425460512,-0.36211287204504194
Jebbison Daniel,0.0,0.0,Bournemouth,20,2003,16,0,119,1.3,1,0,1,1,0,0,1,0,0.76,0.0,0.76,0.76,0.76,0.0,20,0.5661111111111111,0.85,1,1.3941330774624983,-5.199612731416546,-2.2096717949369946
Jensen Mathias,0.0,0.0,Brentford,28,1996,24,8,862,9.6,0,2,2,0,0,0,2,0,0.0,0.21,0.21,0.0,0.21,0.0,28,0.9134920634920635,1.37,2,-1.1006480319489094,-0.5558284043158874,-0.22249680740525019
Jesus Gabriel,0.0,0.0,Arsenal,27,1997,17,6,608,6.8,3,0,3,3,0,0,4,0,0.44,0.0,0.44,0.44,0.44,0.0,27,1.3613168724279834,2.04,1,0.5835536171706397,-2.579779013460146,-0.8113468164461539
Jiménez Raúl,0.0,0.0,Fulham,33,1991,38,30,2494,27.7,12,3,15,9,3,3,4,0,0.43,0.11,0.54,0.32,0.43,0.0,33,5.203367003367004,7.81,3,6.458923626325225,-0.2668650163925357,4.036727044181898
João Pedro,0.0,0.0,Brighton,22,2001,27,23,1948,21.6,10,6,16,5,5,5,4,1,0.46,0.28,0.74,0.23,0.51,0.0,22,7.711111111111111,11.57,3,7.5381633287886345,-1.558569940502048,6.000122656506789
Joelinton,0.0,0.0,Newcastle United,27,1996,29,29,2393,26.6,4,3,7,4,0,0,10,0,0.15,0.11,0.26,0.15,0.26,0.0,27,3.3551440329218107,5.03,0,1.8540471763219843,1.8566947187118596,-0.7513167549381614
Johnson Ben,0.0,0.0,Ipswich Town,24,2000,23,14,1354,15.0,1,2,3,1,0,0,5,1,0.07,0.13,0.2,0.07,0.2,0.0,24,1.7101851851851853,2.57,0,-0.2905901118455868,0.5039530162457083,-0.6109528198938095
Johnson Brennan,0.0,0.0,Tottenham Hotspur,23,2001,33,24,2177,24.2,11,3,14,11,0,0,5,0,0.45,0.12,0.58,0.45,0.58,0.0,23,6.877777777777778,10.32,1,4.972150149468645,-0.9332530182248878,-1.3652495498567168
Johnstone Sam,0.0,0.0,Wolves,31,1993,7,7,630,7.0,0,0,0,0,0,0,0,0,0.0,0.0,0.0,0.0,0.0,0.0,31,0.22580645161290322,0.34,2,-2.869574414954927,-0.8627815997919,1.1259230338311113
Jones Curtis,0.0,0.0,Liverpool,23,2001,33,19,1712,19.0,3,3,6,3,0,0,3,1,0.16,0.16,0.32,0.16,0.32,0.0,23,3.17487922705314,4.76,0,1.355220861634612,0.3864624949439145,-1.0357887873574685
Jorginho,0.0,0.0,Arsenal,32,1991,15,9,704,7.8,0,0,0,0,0,0,5,0,0.0,0.0,0.0,0.0,0.0,0.0,32,0.24444444444444444,0.37,2,-2.4486466042270405,0.13041251593288514,0.8296239617289733
Jota Diogo,0.0,0.0,Liverpool,27,1996,26,14,1196,13.3,6,3,9,6,0,0,2,0,0.45,0.23,0.68,0.45,0.68,0.0,27,3.6032921810699587,5.4,1,3.3378759657037658,-2.638462176649273,-1.5872183506602577
Justin James,0.0,0.0,Leicester City,26,1998,36,34,2912,32.4,2,2,4,2,0,0,6,0,0.06,0.06,0.12,0.06,0.12,0.0,26,2.629059829059829,3.94,0,0.7963587228467407,2.838747496719528,-0.40378296283753734
Jørgensen Filip,0.0,0.0,Chelsea,22,2002,6,6,540,6.0,0,0,0,0,0,0,0,0,0.0,0.0,0.0,0.0,0.0,0.0,22,0.2727272727272727,0.41,2,-2.9338155509703814,-1.1439607605032234,0.7406643765430583
Kadioglu Ferdi,0.0,0.0,Brighton,24,1999,6,5,385,4.3,1,0,1,1,0,0,1,0,0.23,0.0,0.23,0.23,0.23,0.0,24,0.5949074074074074,0.89,2,-1.4924816486514851,-2.3531435856566003,0.05866373679858353
Kamada Daichi,0.0,0.0,Crystal Palace,27,1996,34,15,1564,17.4,0,0,0,0,0,0,4,1,0.0,0.0,0.0,0.0,0.0,0.0,27,0.6436213991769547,0.97,0,-1.507263312619003,1.7633592478151858,0.160328363566121
Kamara Boubacar,0.0,0.0,Aston Villa,24,1999,26,20,1726,19.2,1,0,1,1,0,0,2,0,0.05,0.0,0.05,0.05,0.05,0.0,24,1.2157407407407408,1.82,0,-1.1949044577999215,0.8723429048687472,0.24649070076560237
Kayode Michael,0.0,0.0,Brentford,20,2004,12,6,528,5.9,0,1,1,0,0,0,2,0,0.0,0.17,0.17,0.0,0.17,0.0,20,0.6933333333333334,1.04,2,-1.857911023764825,-1.2775799052549435,-0.22185989501270276
Keane Michael,0.0,0.0,Everton,31,1993,14,11,1049,11.7,3,0,3,3,0,0,5,0,0.26,0.0,0.26,0.26,0.26,0.0,31,1.3437275985663082,2.02,2,-0.15296826632518676,-1.049046664688536,-0.018085258882858106
Kelleher Caoimhín,0.0,0.0,Liverpool,25,1998,10,10,900,10.0,0,0,0,0,0,0,0,0,0.0,0.0,0.0,0.0,0.0,0.0,25,0.4,0.6,2,-2.6371075370765857,-0.5346353504570991,0.8255576312348343
Kelly Lloyd,0.0,0.0,Newcastle United,25,1998,10,4,303,3.4,0,1,1,0,0,0,2,0,0.0,0.3,0.3,0.0,0.3,0.0,25,0.45466666666666666,0.68,2,-1.5015892750185849,-1.8943568135443296,-0.4156978023138465
Kerkez Milos,0.0,0.0,Bournemouth,20,2003,38,38,3336,37.1,2,5,7,2,0,0,4,0,0.05,0.13,0.19,0.05,0.19,0.0,20,4.8533333333333335,7.28,0,1.8028220630185356,2.919899024850518,-0.8740824609150321
Khannouss Bilal,0.0,0.0,Leicester City,20,2004,32,27,2182,24.2,2,3,5,2,0,0,4,0,0.08,0.12,0.21,0.08,0.21,0.0,20,3.412222222222222,5.12,0,0.776938448125715,1.2680649847669991,-0.7716016331994423
Khusanov Abdukodir,0.0,0.0,Manchester City,20,2004,6,6,503,5.6,0,0,0,0,0,0,1,0,0.0,0.0,0.0,0.0,0.0,0.0,20,0.27944444444444444,0.42,2,-2.908383806088933,-1.0871740523719704,0.5998867701290466
Kilman Max,0.0,0.0,West Ham United,27,1997,38,38,3348,37.2,0,1,1,0,0,0,5,0,0.0,0.03,0.03,0.0,0.03,0.0,27,1.6740740740740743,2.51,0,-0.06563615887241514,3.7526872724762406,-0.19115954244139907
King Joshua,0.0,0.0,Fulham,17,2007,8,1,130,1.4,0,0,0,0,0,0,0,0,0.0,0.0,0.0,0.0,0.0,0.0,17,0.08496732026143791,0.13,2,-3.1410833447631132,-1.6615181230071396,0.5340041465320006
Kinský Antonín,0.0,0.0,Tottenham Hotspur,21,2003,6,6,540,6.0,0,0,0,0,0,0,0,0,0.0,0.0,0.0,0.0,0.0,0.0,21,0.2857142857142857,0.43,2,-2.932573567538132,-1.1600667365281976,0.6951599585911696
Kiwior Jakub,0.0,0.0,Arsenal,24,2000,17,10,1122,12.5,1,0,1,1,0,0,1,0,0.08,0.0,0.08,0.08,0.08,0.0,24,0.9361111111111112,1.4,2,-1.6808278684700377,-0.5097584572256909,0.3448579858935899
Kluivert Justin,0.0,0.0,Bournemouth,25,1999,34,29,2340,26.0,12,6,18,6,6,6,8,0,0.46,0.23,0.69,0.23,0.46,0.0,25,7.76,11.64,3,8.74391550133138,-0.744133543662312,7.744506994040773
Konaté Ibrahima,0.0,0.0,Liverpool,25,1999,31,30,2560,28.4,1,2,3,1,0,0,5,0,0.04,0.07,0.11,0.04,0.11,0.0,25,2.1777777777777776,3.27,0,0.12781251013953376,2.2483649310174982,-0.33005204015584994
Konsa Ezri,0.0,0.0,Aston Villa,26,1997,34,33,2936,32.6,2,0,2,2,0,0,1,0,0.06,0.0,0.06,0.06,0.06,0.0,26,2.023931623931624,3.04,0,-0.047412972527962505,2.338762342240452,0.18279242671798943
Kovačić Mateo,0.0,0.0,Manchester City,30,1994,31,25,2198,24.4,6,2,8,6,0,0,5,1,0.25,0.08,0.33,0.25,0.33,0.0,30,3.3474074074074074,5.02,1,2.3949284277650253,0.9027159158053593,-0.628336930549361
Krafth Emil,0.0,0.0,Newcastle United,29,1994,12,2,342,3.8,0,0,0,0,0,0,2,0,0.0,0.0,0.0,0.0,0.0,0.0,29,0.13103448275862067,0.2,2,-2.891738736622036,-0.8888699146639887,0.9429873010991673
Kudus Mohammed,0.0,0.0,West Ham United,23,2000,32,31,2590,28.8,5,3,8,5,0,0,2,1,0.17,0.1,0.28,0.17,0.28,0.0,23,4.4685990338164245,6.7,0,2.1831842918249293,1.3870697737458755,-0.6893151760472307
Kulusevski Dejan,0.0,0.0,Tottenham Hotspur,24,2000,32,27,2389,26.5,7,4,11,7,0,0,3,0,0.26,0.15,0.41,0.26,0.41,0.0,24,5.3560185185185185,8.03,1,3.2872199677128853,0.1794140490621293,-0.9364918512691959
Lacroix Maxence,0.0,0.0,Crystal Palace,24,2000,35,35,3116,34.6,1,1,2,1,0,0,5,0,0.03,0.03,0.06,0.03,0.06,0.0,24,2.1925925925925926,3.29,0,0.13278895868719726,3.1269539560356714,-0.2910432829145161
Lallana Adam,0.0,0.0,Southampton,36,1988,14,5,361,4.0,0,2,2,0,0,0,4,0,0.0,0.5,0.5,0.0,0.5,0.0,36,0.5558641975308642,0.83,2,-0.31523544165537054,-1.902319729281026,-0.9325799194137367
Lamptey Tariq,0.0,0.0,Brighton,23,2000,15,10,860,9.6,2,2,4,2,0,0,0,0,0.21,0.21,0.42,0.21,0.42,0.0,23,1.9806763285024156,2.97,2,0.2955146228875292,-2.2266737132912495,-0.8060958072418617
Lavia Roméo,0.0,0.0,Chelsea,20,2004,16,11,797,8.9,0,1,1,0,0,0,4,0,0.0,0.11,0.11,0.0,0.11,0.0,20,0.8427777777777777,1.26,2,-1.7461458715281757,-0.3479850641510066,-0.179901686142191
Lemina Mario,0.0,0.0,Wolves,30,1993,17,15,1364,15.2,1,3,4,1,0,0,4,0,0.07,0.2,0.26,0.07,0.26,0.0,30,1.6385185185185185,2.46,2,-0.11353509858337293,-0.18006508614612335,-0.2838129860965483
Leno Bernd,0.0,0.0,Fulham,32,1992,38,38,3420,38.0,0,1,1,0,0,0,5,0,0.0,0.03,0.03,0.0,0.03,0.0,32,1.4375,2.16,0,-0.042341467424571795,3.8907622801685657,0.030121039040876516
Lerma Jefferson,0.0,0.0,Crystal Palace,29,1994,33,26,2274,25.3,0,1,1,0,0,0,9,0,0.0,0.04,0.04,0.0,0.04,0.0,29,1.1471264367816092,1.72,0,-0.6306473415326082,2.827553210774159,-0.11285231516754662
Lewis Rico,0.0,0.0,Manchester City,19,2004,28,21,1893,21.0,1,2,3,1,0,0,5,1,0.05,0.1,0.14,0.05,0.14,0.0,19,2.475438596491228,3.71,0,-0.09215258725992215,1.4759119692347982,-0.7132724487647127
Lewis-Potter Keane,0.0,0.0,Brentford,23,2001,38,36,3093,34.4,1,3,4,1,0,0,7,0,0.03,0.09,0.12,0.03,0.12,0.0,23,2.9724637681159423,4.46,0,0.8841999260798434,3.3033588869808215,-0.7327560644233068
Lewis-Skelly Myles,0.0,0.0,Arsenal,17,2006,23,15,1369,15.2,1,0,1,1,0,0,3,2,0.07,0.0,0.07,0.07,0.07,0.0,17,1.4830065359477123,2.22,0,-1.1100766056109657,0.9488211976296672,-0.3951377916482928
Ligt Matthijs,0.0,0.0,Manchester Utd,24,1999,29,25,2123,23.6,2,0,2,2,0,0,3,0,0.08,0.0,0.08,0.08,0.08,0.0,24,1.8162037037037038,2.72,0,-0.43833273089463365,1.3695050689030026,0.07156926046027803
Lindelöf Victor,0.0,0.0,Manchester Utd,30,1994,16,6,704,7.8,0,0,0,0,0,0,1,0,0.0,0.0,0.0,0.0,0.0,0.0,30,0.2607407407407407,0.39,2,-2.6275579665211284,-0.4613400383635797,0.8987090116205557
Lindstrøm Jesper,0.0,0.0,Everton,24,2000,25,15,1239,13.8,0,1,1,0,0,0,2,0,0.0,0.07,0.07,0.0,0.07,0.0,24,0.9069444444444444,1.36,2,-1.55011960057023,0.36741400538154834,0.09412161573767439
Livramento Valentino,0.0,0.0,Newcastle United,21,2002,37,32,2840,31.6,0,1,1,0,0,0,1,0,0.0,0.03,0.03,0.0,0.03,0.0,21,1.8835978835978837,2.83,0,-0.5438807836154338,2.5619592317985687,-0.13367428559238112
Longstaff Sean,0.0,0.0,Newcastle United,26,1997,25,8,798,8.9,0,0,0,0,0,0,2,0,0.0,0.0,0.0,0.0,0.0,0.0,26,0.34102564102564104,0.51,2,-2.3212609639036246,0.027955823703286843,0.5706899899554524
Lukić Saša,0.0,0.0,Fulham,27,1996,30,28,2344,26.0,0,2,2,0,0,0,12,0,0.0,0.08,0.08,0.0,0.08,0.0,27,1.557201646090535,2.34,0,-0.1739023362420223,3.0713711888660673,-0.49579549924559935
Lumley Joe,0.0,0.0,Southampton,29,1995,3,3,270,3.0,0,0,0,0,0,0,0,0,0.0,0.0,0.0,0.0,0.0,0.0,29,0.10344827586206896,0.16,2,-3.1687663957132215,-1.4398950577880758,1.1320386150431125
Luongo Massimo,0.0,0.0,Ipswich Town,31,1992,11,2,201,2.2,0,0,0,0,0,0,0,0,0.0,0.0,0.0,0.0,0.0,0.0,31,0.07204301075268818,0.11,2,-3.0495765091297424,-1.2374237083587807,1.1661075657662863
Maatsen Ian,0.0,0.0,Aston Villa,22,2002,29,10,1139,12.7,1,2,3,1,0,0,2,0,0.08,0.16,0.24,0.08,0.24,0.0,22,1.7570707070707068,2.64,2,-0.36751291887434856,-0.5077625971323113,-0.6146517576538398
Mac Allister Alexis,0.0,0.0,Liverpool,25,1998,35,30,2599,28.9,5,5,10,5,0,0,6,0,0.17,0.17,0.35,0.17,0.35,0.0,25,4.755111111111111,7.13,1,2.9113221915059673,1.413019248047713,-0.9972127278007064
Maddison James,0.0,0.0,Tottenham Hotspur,27,1996,31,21,1809,20.1,9,7,16,9,0,0,6,0,0.45,0.35,0.8,0.45,0.8,0.0,27,6.151851851851852,9.23,1,5.902350982018899,-1.7285652074870506,-2.1975142779521692
Madueke Noni,0.0,0.0,Chelsea,22,2002,32,27,2033,22.6,7,3,10,7,0,0,3,0,0.31,0.13,0.44,0.31,0.44,0.0,22,5.2994949494949495,7.95,1,3.1553512555699013,-0.34520823632269104,-1.1000048464897176
Magalhães Gabriel,0.0,0.0,Arsenal,26,1997,28,28,2363,26.3,3,1,4,3,0,0,4,0,0.11,0.04,0.15,0.11,0.15,0.0,26,2.4713675213675215,3.71,0,0.4748284087535534,1.477787782952663,-0.10203843921359228
Maghoma Edmond-Paris,0.0,0.0,Brentford,23,2001,8,0,119,1.3,0,0,0,0,0,0,0,0,0.0,0.0,0.0,0.0,0.0,0.0,23,0.057487922705314005,0.09,2,-3.1700220285946528,-1.606635926469603,0.8104840958107448
Maguire Harry,0.0,0.0,Manchester Utd,31,1993,27,19,1758,19.5,1,0,1,1,0,0,7,0,0.05,0.0,0.05,0.05,0.05,0.0,31,0.9526881720430108,1.43,0,-0.996982239542479,1.580181553843058,0.24098874859883462
Mainoo Kobbie,0.0,0.0,Manchester Utd,19,2005,25,19,1651,18.3,0,0,0,0,0,0,5,0,0.0,0.0,0.0,0.0,0.0,0.0,19,0.9654970760233919,1.45,0,-1.6582187771386683,1.3039475098166975,-0.05423666908344666
Malacia Tyrell,0.0,0.0,Manchester Utd,24,1999,3,2,100,1.1,0,0,0,0,0,0,1,0,0.0,0.0,0.0,0.0,0.0,0.0,24,0.0462962962962963,0.07,2,-3.213150913072788,-1.5561795572856865,0.9144546657311744
Malen Donyell,0.0,0.0,Aston Villa,25,1999,14,2,305,3.4,3,0,3,3,0,0,0,0,0.89,0.0,0.89,0.89,0.89,0.0,25,1.3355555555555554,2.0,1,2.6108121040830006,-5.850847931194166,-2.296353782988421
Mangala Orel,0.0,0.0,Everton,26,1998,19,14,1261,14.0,1,0,1,1,0,0,2,0,0.07,0.0,0.07,0.07,0.07,0.0,26,0.9235042735042736,1.39,2,-1.531504683052631,-0.0027437690436371443,0.3703516871251564
Manning Ryan,0.0,0.0,Southampton,28,1996,24,18,1462,16.2,0,1,1,0,0,0,2,0,0.0,0.06,0.06,0.0,0.06,0.0,28,0.8658730158730158,1.3,2,-1.4751260110399498,0.7091753675596173,0.303192640853227
March Solly,0.0,0.0,Brighton,30,1994,8,1,168,1.9,0,0,0,0,0,0,2,0,0.0,0.0,0.0,0.0,0.0,0.0,30,0.06222222222222222,0.09,2,-3.0644131083567308,-1.182630253618508,1.0160985729939431
Marmoush Omar,0.0,0.0,Manchester City,25,1999,16,14,1175,13.1,7,0,7,7,0,0,0,0,0.54,0.0,0.54,0.54,0.54,0.0,25,3.3222222222222224,4.98,1,2.299718651384488,-3.083140736594347,-0.8037486428361301
Martinelli Gabriel,0.0,0.0,Arsenal,23,2001,33,25,2290,25.4,8,4,12,8,0,0,1,0,0.31,0.16,0.47,0.31,0.47,0.0,23,5.97584541062802,8.96,1,3.713438373057026,-0.5206643749216979,-1.0240738374188647
Martínez Emiliano,0.0,0.0,Aston Villa,31,1992,37,37,3194,35.5,0,0,0,0,0,0,5,1,0.0,0.0,0.0,0.0,0.0,0.0,31,1.1448028673835124,1.72,0,-0.36057585252253577,4.0826592473485865,0.049575213953368606
Martínez Lisandro,0.0,0.0,Manchester Utd,26,1998,20,20,1751,19.5,2,1,3,2,0,0,7,0,0.1,0.05,0.15,0.1,0.15,0.0,26,1.8252136752136752,2.74,0,-0.22591395739989353,0.877814725966086,-0.2032481912420178
Matar Sarr Pape,0.0,0.0,Tottenham Hotspur,21,2002,36,22,1913,21.3,3,2,5,3,0,0,6,0,0.14,0.09,0.24,0.14,0.24,0.0,21,3.202645502645503,4.8,0,1.0064349779886845,1.003158979680134,-0.8274800979786867
Mateta Jean-Philippe,0.0,0.0,Crystal Palace,27,1997,37,33,2648,29.4,14,2,16,12,2,2,2,0,0.48,0.07,0.54,0.41,0.48,0.0,27,6.867489711934156,10.3,1,6.5213724472136425,-0.6120787323629108,2.4004672687061808
Mavididi Stephy,0.0,0.0,Leicester City,26,1998,30,16,1615,17.9,4,1,5,4,0,0,2,0,0.22,0.06,0.28,0.22,0.28,0.0,26,2.536324786324786,3.8,1,0.8462779077254358,-0.38858239450160315,-0.38554363621283605
Mavropanos Konstantinos,0.0,0.0,West Ham United,26,1997,33,21,2045,22.7,0,0,0,0,0,0,6,1,0.0,0.0,0.0,0.0,0.0,0.0,26,0.8739316239316239,1.31,0,-1.1507396469164008,2.538465098938975,-0.03419147222330938
Mazraoui Noussair,0.0,0.0,Manchester Utd,26,1997,37,34,2838,31.5,0,1,1,0,0,0,3,0,0.0,0.03,0.03,0.0,0.03,0.0,26,1.5205128205128204,2.28,0,-0.4417566738879642,2.941957427835668,-0.016714547719717556
Mbeumo Bryan,0.0,0.0,Brentford,24,1999,38,38,3414,37.9,20,7,27,15,5,6,3,0,0.53,0.18,0.71,0.4,0.58,0.0,24,12.247222222222222,18.37,3,11.60625180525771,-0.8040846146556953,7.3938797713833075
Mcatee James,0.0,0.0,Manchester City,21,2002,15,3,349,3.9,3,0,3,3,0,0,1,0,0.77,0.0,0.77,0.77,0.77,0.0,21,1.6132275132275133,2.42,1,2.0601026321015197,-5.0688249762849455,-2.057030015837208
McAteer Kasey,0.0,0.0,Leicester City,22,2001,18,9,852,9.5,1,1,2,1,0,0,3,0,0.11,0.11,0.21,0.11,0.21,0.0,22,1.2484848484848485,1.87,2,-0.943267139582123,-0.9665654211803648,-0.3308643336437869
McCarthy Alex,0.0,0.0,Southampton,34,1989,5,5,450,5.0,0,0,0,0,0,0,0,0,0.0,0.0,0.0,0.0,0.0,0.0,34,0.14705882352941177,0.22,2,-3.025380322495321,-1.0708084486651175,1.3565029141965552
McGinn John,0.0,0.0,Aston Villa,29,1994,34,27,2223,24.7,1,4,5,1,0,0,7,0,0.04,0.16,0.2,0.04,0.2,0.0,29,2.3000000000000003,3.45,0,0.7963502296378044,2.0415393730414104,-0.5809740991937872
McNeil Dwight,0.0,0.0,Everton,24,1999,21,15,1371,15.2,4,6,10,4,0,0,1,0,0.26,0.39,0.66,0.26,0.66,0.0,24,4.301388888888889,6.45,1,2.9852307808075564,-2.1935995393827903,-1.7371334091614357
Mee Ben,0.0,0.0,Brentford,34,1989,7,2,183,2.0,0,0,0,0,0,0,2,0,0.0,0.0,0.0,0.0,0.0,0.0,34,0.05980392156862745,0.09,2,-3.069465951663142,-1.0892809736039717,1.25388639306239
Merino Mikel,0.0,0.0,Arsenal,28,1996,28,17,1586,17.6,7,2,9,7,0,0,4,1,0.4,0.11,0.51,0.4,0.51,0.0,28,3.7007936507936505,5.55,1,3.0840791941006755,-1.0025706748346852,-1.1529478541250713
Milenković Nikola,0.0,0.0,Nottingham Forest,26,1997,37,37,3330,37.0,5,2,7,5,0,0,4,0,0.14,0.05,0.19,0.14,0.19,0.0,26,3.9615384615384617,5.94,0,2.0853791045058796,2.5700576843940204,-0.331772019768756
Miley Lewis,0.0,0.0,Newcastle United,18,2006,14,1,313,3.5,1,0,1,1,0,0,0,0,0.29,0.0,0.29,0.29,0.29,0.0,18,0.7487654320987654,1.12,2,-1.127001266391141,-2.8385405814340423,-0.5260423559040206
Milner James,0.0,0.0,Brighton,38,1986,4,3,170,1.9,0,0,0,0,0,0,1,0,0.0,0.0,0.0,0.0,0.0,0.0,38,0.049707602339181284,0.07,2,-3.1616636725378227,-1.2257619630045493,1.4833781659193765
Mings Tyrone,0.0,0.0,Aston Villa,31,1993,14,12,1120,12.4,0,0,0,0,0,0,1,0,0.0,0.0,0.0,0.0,0.0,0.0,31,0.4014336917562724,0.6,2,-2.396703912639054,0.027952315983255073,0.9205047287446873
Minteh Yankuba,0.0,0.0,Brighton,20,2004,32,20,1838,20.4,6,4,10,6,0,0,6,0,0.29,0.2,0.49,0.29,0.49,0.0,20,5.6211111111111105,8.43,1,3.1825811724674113,-0.47001928930929726,-1.6028132543256657
Mitchell Tyrick,0.0,0.0,Crystal Palace,24,1999,37,37,3092,34.4,0,5,5,0,0,0,2,0,0.0,0.15,0.15,0.0,0.15,0.0,24,3.098148148148148,4.65,0,0.8843544762759379,2.793051140512522,-0.580581814584558
Mitoma Kaoru,0.0,0.0,Brighton,27,1997,36,28,2603,28.9,10,4,14,10,0,0,1,0,0.35,0.14,0.48,0.35,0.48,0.0,27,5.960082304526749,8.94,1,4.550271004491701,-0.22397191052350937,-0.8106394333241881
Monga Jeremy,0.0,0.0,Leicester City,15,2009,7,0,112,1.2,0,0,0,0,0,0,0,0,0.0,0.0,0.0,0.0,0.0,0.0,15,0.08296296296296296,0.12,2,-3.184513756195223,-1.7724103239761893,0.46103490663000024
Moore Mikey,0.0,0.0,Tottenham Hotspur,16,2007,10,3,366,4.1,0,1,1,0,0,0,0,0,0.0,0.25,0.25,0.0,0.25,0.0,16,0.7541666666666667,1.13,2,-1.762813764758674,-2.1032937674605545,-0.5225052096608112
Morato,0.0,0.0,Nottingham Forest,23,2001,26,6,907,10.1,0,0,0,0,0,0,5,0,0.0,0.0,0.0,0.0,0.0,0.0,23,0.43816425120772945,0.66,2,-2.1717447176417983,0.36777163706856947,0.21174805183499262
Moreno Álex,0.0,0.0,Nottingham Forest,31,1993,15,11,955,10.6,0,1,1,0,0,0,2,0,0.0,0.09,0.09,0.0,0.09,0.0,31,0.600358422939068,0.9,2,-1.8750531753577655,-0.2511051096537583,0.5068218730781673
Morsy Sam,0.0,0.0,Ipswich Town,32,1991,33,31,2751,30.6,1,1,2,1,0,0,10,0,0.03,0.03,0.07,0.03,0.07,0.0,32,1.5177083333333332,2.28,0,0.07461553770139202,3.35623847939101,-0.0959512771507907
Mosquera Yerson,0.0,0.0,Wolves,23,2001,5,5,441,4.9,0,0,0,0,0,0,2,0,0.0,0.0,0.0,0.0,0.0,0.0,23,0.21304347826086958,0.32,2,-2.938354623142256,-1.0349316653426603,0.7053642439875984
Mount Mason,0.0,0.0,Manchester Utd,25,1999,17,8,622,6.9,1,0,1,1,0,0,3,0,0.14,0.0,0.14,0.14,0.14,0.0,25,0.6764444444444444,1.01,2,-1.5221932582882776,-1.0322060140158567,0.10863309480632968
Mudryk Mykhailo,0.0,0.0,Chelsea,23,2001,7,1,151,1.7,0,0,0,0,0,0,0,0,0.0,0.0,0.0,0.0,0.0,0.0,23,0.07294685990338165,0.11,2,-3.1598497745075047,-1.5762330469332408,0.8188432306323236
Munetsi Marshall,0.0,0.0,Wolves,28,1996,14,12,1078,12.0,2,1,3,2,0,0,0,0,0.17,0.08,0.25,0.17,0.25,0.0,28,1.4277777777777776,2.14,2,-0.5342739832433814,-1.359783406571622,0.03894293842558023
Muniz Rodrigo,0.0,0.0,Fulham,23,2001,31,8,964,10.7,8,1,9,8,0,0,1,0,0.75,0.09,0.84,0.75,0.84,0.0,23,4.291787439613526,6.44,1,4.391975430563259,-4.292497929779057,-2.192339035351257
Muñoz Daniel,0.0,0.0,Crystal Palace,28,1996,37,37,3228,35.9,4,5,9,4,0,0,10,0,0.11,0.14,0.25,0.11,0.25,0.0,28,4.1380952380952385,6.21,0,2.7674736823290527,3.183967672384659,-0.9339293309487022
Muric Arijanet,0.0,0.0,Ipswich Town,25,1998,18,18,1620,18.0,0,0,0,0,0,0,1,0,0.0,0.0,0.0,0.0,0.0,0.0,25,0.72,1.08,2,-1.9958506547098966,0.6733384797193959,0.5783758753428075
Murillo,0.0,0.0,Nottingham Forest,22,2002,36,36,3188,35.4,2,0,2,2,0,0,6,0,0.06,0.0,0.06,0.06,0.06,0.0,22,2.519191919191919,3.78,0,0.3460533602219817,3.2128437641045022,-0.36678444718832215
Murphy Jacob,0.0,0.0,Newcastle United,29,1995,35,31,2360,26.2,8,12,20,8,0,0,4,0,0.31,0.46,0.76,0.31,0.76,0.0,29,6.973180076628353,10.46,1,6.6252621784932595,-0.5265919629610597,-2.171076273315232
Mykolenko Vitaliy,0.0,0.0,Everton,25,1999,35,35,3082,34.2,1,2,3,1,0,0,4,0,0.03,0.06,0.09,0.03,0.09,0.0,25,2.409777777777778,3.61,0,0.38026089470895713,2.9205128800631286,-0.3134995549793686
Ndiaye Iliman,0.0,0.0,Everton,24,2000,33,29,2430,27.0,9,0,9,7,2,2,3,0,0.33,0.0,0.33,0.26,0.26,0.0,24,4.875,7.31,1,3.659955844214086,0.19256963957139006,2.7404697250048278
Ndidi Wilfred,0.0,0.0,Leicester City,27,1996,28,28,2324,25.8,0,5,5,0,0,0,8,0,0.0,0.19,0.19,0.0,0.19,0.0,27,2.437860082304527,3.66,0,0.6092853007434479,2.2309214713844496,-0.7063103856954207
Nedeljković Kosta,0.0,0.0,Aston Villa,18,2005,5,0,126,1.4,0,0,0,0,0,0,0,0,0.0,0.0,0.0,0.0,0.0,0.0,18,0.07777777777777778,0.12,2,-3.2252238141336798,-1.756263789259033,0.6694513092609105
Nelson Reiss,0.0,0.0,Fulham,24,1999,11,5,487,5.4,1,1,2,1,0,0,1,0,0.18,0.18,0.37,0.18,0.37,0.0,24,0.975462962962963,1.46,2,-0.6761129533634928,-2.429423344103049,-0.5748752495581919
Neto,0.0,0.0,Bournemouth,35,1989,2,2,180,2.0,0,0,0,0,0,0,0,0,0.0,0.0,0.0,0.0,0.0,0.0,35,0.05714285714285714,0.09,2,-3.251637283212416,-1.4794845781247885,1.4293462270333892
Neto Pedro,0.0,0.0,Chelsea,24,2000,35,24,2269,25.2,4,6,10,4,0,0,8,0,0.16,0.24,0.4,0.16,0.4,0.0,24,4.717129629629629,7.08,1,2.8929264115402833,1.0655649090903943,-1.4560583740754929
Nketiah Eddie,0.0,0.0,Crystal Palace,25,1999,29,9,1034,11.5,3,1,4,3,0,0,6,1,0.26,0.09,0.35,0.26,0.35,0.0,25,1.9795555555555555,2.97,1,0.8287467691756335,-0.5535403438601387,-1.0499509269880718
Nkunku Christopher,0.0,0.0,Chelsea,26,1997,27,9,921,10.2,3,2,5,3,0,0,2,0,0.29,0.2,0.49,0.29,0.49,0.0,26,2.1628205128205127,3.24,1,1.2628187090773106,-1.985714439408635,-1.1247457387215842
Nunes Matheus,0.0,0.0,Manchester City,25,1998,26,19,1674,18.6,1,6,7,1,0,0,4,0,0.05,0.32,0.38,0.05,0.38,0.0,25,3.0639999999999996,4.6,1,1.2442617088323416,0.1334133614493322,-1.128870229563305
Núñez Darwin,0.0,0.0,Liverpool,25,1999,30,8,1133,12.6,5,2,7,5,0,0,8,0,0.4,0.16,0.56,0.4,0.56,0.0,25,3.1435555555555554,4.72,1,2.5445221335138424,-1.6071648311478792,-1.6843420621040077
Nwaneri Ethan,0.0,0.0,Arsenal,17,2007,26,11,895,9.9,4,2,6,4,0,0,1,0,0.4,0.2,0.6,0.4,0.6,0.0,17,3.8790849673202614,5.82,1,2.078639454219652,-2.8556524929066716,-1.8482507088836275
Nørgaard Christian,0.0,0.0,Brentford,30,1994,34,34,2819,31.3,5,4,9,5,0,0,8,1,0.16,0.13,0.29,0.16,0.29,0.0,30,3.7774074074074075,5.67,0,2.813636434841513,2.5318188270572213,-0.8562723796110274
O'Brien Jake,0.0,0.0,Everton,23,2001,20,17,1571,17.5,2,0,2,2,0,0,5,0,0.11,0.0,0.11,0.11,0.11,0.0,23,1.6285024154589371,2.44,0,-0.752802754786212,0.4356925027293911,-0.04413389254853244
O'Riley Matt,0.0,0.0,Brighton,23,2000,21,11,938,10.4,2,2,4,1,1,1,1,0,0.19,0.19,0.38,0.1,0.29,0.0,23,2.0183574879227053,3.03,2,0.5503035642919368,-1.5586564352829855,0.923705574097759
O'Shea Dara,0.0,0.0,Ipswich Town,25,1999,35,35,3122,34.7,0,2,2,0,0,0,6,0,0.0,0.06,0.06,0.0,0.06,0.0,25,2.0275555555555558,3.04,0,0.06769271125760479,3.389133261093239,-0.3900431046228824
Obi-Martin Chidozie,0.0,0.0,Manchester Utd,16,2007,7,1,165,1.8,0,0,0,0,0,0,1,0,0.0,0.0,0.0,0.0,0.0,0.0,16,0.11458333333333333,0.17,2,-3.10978028671872,-1.545506972257565,0.4918866276676197
Odobert Wilson,0.0,0.0,Tottenham Hotspur,19,2004,16,9,850,9.4,1,0,1,1,0,0,0,0,0.11,0.0,0.11,0.11,0.11,0.0,19,1.023391812865497,1.54,2,-1.702920644988253,-1.1299148525425626,0.14385784335610258
Ogbene Chiedozie,0.0,0.0,Ipswich Town,27,1997,5,3,238,2.6,0,0,0,0,0,0,0,0,0.0,0.0,0.0,0.0,0.0,0.0,27,0.09794238683127572,0.15,2,-3.1379164567915354,-1.4382159223471482,1.0161914253852715
Okoli Caleb,0.0,0.0,Leicester City,23,2001,19,12,1125,12.5,1,0,1,1,0,0,4,0,0.08,0.0,0.08,0.08,0.08,0.0,23,0.9782608695652174,1.47,2,-1.488179756986976,-0.041565261386741985,0.10746617406036876
Olsen Robin,0.0,0.0,Aston Villa,34,1990,4,1,226,2.5,0,0,0,0,0,0,0,0,0.0,0.0,0.0,0.0,0.0,0.0,34,0.0738562091503268,0.11,2,-3.2068402549992694,-1.4319213111309856,1.3546984085600406
Onana Amadou,0.0,0.0,Aston Villa,22,2001,26,20,1617,18.0,3,0,3,3,0,0,4,0,0.17,0.0,0.17,0.17,0.17,0.0,22,2.18030303030303,3.27,0,-0.02492725069169831,0.28697828742957815,-0.23154417524721432
Onana André,0.0,0.0,Manchester Utd,28,1996,34,34,3060,34.0,0,0,0,0,0,0,0,0,0.0,0.0,0.0,0.0,0.0,0.0,28,1.2142857142857142,1.82,0,-0.829535818204329,2.7669856372702166,0.33381996444394
Onuachu Paul,0.0,0.0,Southampton,30,1994,25,11,1050,11.7,4,1,5,4,0,0,4,0,0.34,0.09,0.43,0.34,0.43,0.0,30,1.9888888888888887,2.98,1,1.2664598791390296,-1.563829261283636,-0.7472717750748898
Ortega Stefan,0.0,0.0,Manchester City,31,1992,13,12,1100,12.2,0,0,0,0,0,0,1,0,0.0,0.0,0.0,0.0,0.0,0.0,31,0.3942652329749104,0.59,2,-2.426881186404442,-0.0016598155209363238,0.9815490777121916
Osula William,0.0,0.0,Newcastle United,20,2003,14,0,134,1.5,1,0,1,1,0,0,0,0,0.67,0.0,0.67,0.67,0.67,0.0,20,0.5744444444444444,0.86,1,0.8338552875879877,-4.906428834317477,-1.7935535090187618
Ouattara Dango,0.0,0.0,Bournemouth,22,2002,32,21,2005,22.3,7,4,11,7,0,0,3,0,0.31,0.18,0.49,0.31,0.49,0.0,22,5.648989898989899,8.47,1,3.4227181389895485,-0.708465216329806,-1.2859262502626987
O’Reilly Nico,0.0,0.0,Manchester City,19,2005,9,6,528,5.9,2,0,2,2,0,0,0,0,0.34,0.0,0.34,0.34,0.34,0.0,19,1.3614035087719298,2.04,2,-0.5447567846268708,-2.934418027752084,-0.5505449303734972
Palmer Alex,0.0,0.0,Ipswich Town,27,1996,13,13,1170,13.0,0,0,0,0,0,0,2,0,0.0,0.0,0.0,0.0,0.0,0.0,27,0.48148148148148145,0.72,2,-2.337524568981781,0.14259436762059782,0.7378573109808386
Palmer Cole,0.0,0.0,Chelsea,22,2002,37,36,3191,35.5,15,8,23,11,4,5,7,0,0.42,0.23,0.65,0.31,0.54,0.0,22,11.338888888888889,17.01,3,9.76551340572924,0.07013486921961509,5.335945687056233
Palmieri Emerson,0.0,0.0,West Ham United,29,1994,31,26,2113,23.5,2,1,3,2,0,0,5,0,0.09,0.04,0.13,0.09,0.13,0.0,29,1.7750957854406129,2.66,0,0.08312014418241112,1.6150282014607478,-0.03762429146780006
Paquetá Lucas,0.0,0.0,West Ham United,26,1997,33,27,2380,26.4,4,0,4,2,2,2,10,0,0.15,0.0,0.15,0.08,0.08,0.0,26,2.5555555555555554,3.83,0,1.674229573219154,2.1036327206343195,2.793440921694752
Partey Thomas,0.0,0.0,Arsenal,31,1993,35,31,2797,31.1,4,2,6,4,0,0,4,0,0.13,0.06,0.19,0.13,0.19,0.0,31,2.8089605734767025,4.21,0,1.4591685015291391,2.010759614606168,-0.14212529740189572
Patterson Nathan,0.0,0.0,Everton,22,2001,10,3,347,3.9,0,1,1,0,0,0,1,0,0.0,0.26,0.26,0.0,0.26,0.0,22,0.5388888888888889,0.81,2,-1.6989377349112695,-1.9344265312942954,-0.34075612385543624
Pereira Andreas,0.0,0.0,Fulham,28,1996,33,25,2013,22.4,2,4,6,2,0,1,7,0,0.09,0.18,0.27,0.09,0.27,0.0,28,2.6559523809523813,3.98,0,1.5301463650029494,1.3106800983555003,-0.09045774746518705
Pereira Ricardo,0.0,0.0,Leicester City,30,1993,10,4,388,4.3,0,0,0,0,0,0,1,0,0.0,0.0,0.0,0.0,0.0,0.0,30,0.1437037037037037,0.22,2,-2.919761284033016,-0.9481120718161353,1.0600929028537591
Phillips Kalvin,0.0,0.0,Ipswich Town,28,1995,19,14,1237,13.7,0,0,0,0,0,0,6,1,0.0,0.0,0.0,0.0,0.0,0.0,28,0.49087301587301585,0.74,0,-1.9025535341158224,1.2603073263090339,0.33955138976384563
Philogene Bidace Jaden,0.0,0.0,Aston Villa,22,2002,11,2,332,3.7,0,0,0,0,0,0,4,1,0.0,0.0,0.0,0.0,0.0,0.0,22,0.16767676767676767,0.25,2,-2.717363155349398,-0.4594852649531313,0.3473017334421522
Philogene Bidace Jaden,0.0,0.0,Ipswich Town,22,2002,10,5,474,5.3,2,0,2,2,0,0,1,0,0.38,0.0,0.38,0.38,0.38,0.0,22,1.1484848484848484,1.72,2,-0.3125744028654597,-3.018420149185227,-0.6232920036377865
Pickford Jordan,0.0,0.0,Everton,30,1994,38,38,3420,38.0,0,1,1,0,0,0,7,0,0.0,0.03,0.03,0.0,0.03,0.0,30,1.5333333333333334,2.3,0,0.03595247368213605,4.0948919646866955,-0.16675364018383984
Pinnock Ethan,0.0,0.0,Brentford,31,1993,22,21,1913,21.3,2,0,2,2,0,0,2,0,0.09,0.0,0.09,0.09,0.09,0.0,31,1.3308243727598568,2.0,0,-0.7326381304877512,0.7815294706769872,0.48577281372444314
Pope Nick,0.0,0.0,Newcastle United,32,1992,28,28,2520,28.0,0,0,0,0,0,0,2,0,0.0,0.0,0.0,0.0,0.0,0.0,32,0.875,1.31,0,-1.2112076991253065,2.2503989190188496,0.5556584186042234
Porro Pedro,0.0,0.0,Tottenham Hotspur,24,1999,33,28,2610,29.0,2,6,8,2,0,0,5,0,0.07,0.21,0.28,0.07,0.28,0.0,24,4.041666666666667,6.06,0,1.8482898291771392,1.7172384436453934,-0.9657852722594625
Quansah Jarell,0.0,0.0,Liverpool,21,2003,13,4,495,5.5,0,0,0,0,0,0,2,0,0.0,0.0,0.0,0.0,0.0,0.0,21,0.2619047619047619,0.39,2,-2.7619364687304513,-0.8134850057525189,0.5011186565012392
Ramsdale Aaron,0.0,0.0,Southampton,26,1998,30,30,2700,30.0,0,0,0,0,0,0,2,0,0.0,0.0,0.0,0.0,0.0,0.0,26,1.1538461538461537,1.73,0,-1.052917824720414,2.426213815842119,0.2340697023350023
Ramsey Jacob,0.0,0.0,Aston Villa,23,2001,29,19,1623,18.0,1,3,4,1,0,0,4,1,0.06,0.17,0.22,0.06,0.22,0.0,23,2.26231884057971,3.39,0,0.2610159714552871,0.9012318885240612,-0.8302866871499562
Rashford Marcus,0.0,0.0,Aston Villa,26,1997,10,4,444,4.9,2,2,4,1,1,1,0,0,0.41,0.41,0.81,0.2,0.61,0.0,26,1.5743589743589745,2.36,1,1.7086942916322363,-4.079722387532309,-0.09091976716942396
Rashford Marcus,0.0,0.0,Manchester Utd,26,1997,15,12,978,10.9,4,1,5,4,0,0,2,0,0.37,0.09,0.46,0.37,0.46,0.0,26,2.264102564102564,3.4,1,1.133045386111881,-2.3306764902723325,-0.7476132139270534
Raya David,0.0,0.0,Arsenal,28,1995,38,38,3420,38.0,0,0,0,0,0,0,3,0,0.0,0.0,0.0,0.0,0.0,0.0,28,1.3571428571428572,2.04,0,-0.4153868926504722,3.6825055740935357,0.12340120029864143
Reed Harrison,0.0,0.0,Fulham,29,1995,12,0,108,1.2,0,0,0,0,0,0,2,0,0.0,0.0,0.0,0.0,0.0,0.0,29,0.041379310344827586,0.06,2,-3.0211645262947067,-1.1595202153395046,0.9229407030670013
Reguilón Sergio,0.0,0.0,Tottenham Hotspur,27,1996,4,1,196,2.2,0,0,0,0,0,0,2,0,0.0,0.0,0.0,0.0,0.0,0.0,27,0.08065843621399177,0.12,2,-3.1352573227908023,-1.3149937365078788,0.9782768141666617
Rice Declan,0.0,0.0,Arsenal,25,1999,35,33,2825,31.4,4,7,11,4,0,0,7,1,0.13,0.22,0.35,0.13,0.35,0.0,25,5.095555555555555,7.64,0,3.2858653473430444,2.3049862292318513,-1.3815943102083281
Richards Chris,0.0,0.0,Crystal Palace,24,2000,24,22,1922,21.4,1,0,1,1,0,0,4,1,0.05,0.0,0.05,0.05,0.05,0.0,24,1.3064814814814814,1.96,0,-0.9309734490577743,1.6165020572489777,-0.03984503860930423
Richarlison,0.0,0.0,Tottenham Hotspur,27,1997,15,4,504,5.6,4,1,5,4,0,0,2,0,0.71,0.18,0.89,0.71,0.89,0.0,27,1.9851851851851852,2.98,1,3.00727353860585,-4.9960651734277315,-2.317705213395269
Robertson Andrew,0.0,0.0,Liverpool,30,1994,33,29,2482,27.6,0,1,1,0,0,0,3,1,0.0,0.04,0.04,0.0,0.04,0.0,30,1.185925925925926,1.78,0,-0.6072078679905992,2.7456703208366333,0.03849737826808557
Robinson Antonee,0.0,0.0,Fulham,26,1997,36,35,3167,35.2,0,10,10,0,0,0,8,0,0.0,0.28,0.28,0.0,0.28,0.0,26,4.430341880341881,6.65,0,2.506291637297802,3.1752694470095433,-1.33421784032337
Robinson Jay,0.0,0.0,Southampton,17,2007,4,1,137,1.5,0,0,0,0,0,0,0,0,0.0,0.0,0.0,0.0,0.0,0.0,17,0.08954248366013072,0.13,2,-3.2224023926127847,-1.7772547186957546,0.5888817917127422
Rodríguez Guido,0.0,0.0,West Ham United,30,1994,23,16,1149,12.8,0,1,1,0,0,0,6,0,0.0,0.08,0.08,0.0,0.08,0.0,30,0.6922222222222222,1.04,2,-1.4267380727695986,0.8063442191815717,0.1484691086637361
Roerslev Mads,0.0,0.0,Brentford,25,1999,19,11,1101,12.2,0,2,2,0,0,0,2,0,0.0,0.16,0.16,0.0,0.16,0.0,25,1.1293333333333333,1.69,2,-1.2586075312531304,-0.31073808082871823,-0.118066154001101
Rogers Morgan,0.0,0.0,Aston Villa,22,2002,37,37,3114,34.6,8,10,18,8,0,0,10,0,0.23,0.29,0.52,0.23,0.52,0.0,22,8.845454545454546,13.27,1,5.855578371038581,1.8197614287434831,-1.9486064428766443
Romero Cristian,0.0,0.0,Tottenham Hotspur,26,1998,18,18,1416,15.7,1,0,1,1,0,0,3,0,0.06,0.0,0.06,0.06,0.06,0.0,26,0.9897435897435898,1.48,2,-1.4361791739626129,0.394048149344867,0.34504124917602014
Rutter Georginio,0.0,0.0,Brighton,22,2002,28,19,1656,18.4,5,3,8,5,0,0,2,0,0.27,0.16,0.43,0.27,0.43,0.0,22,4.2,6.3,1,2.1586531410726892,-0.9562028962961612,-1.06676812988937
Sá José,0.0,0.0,Wolves,31,1993,29,29,2609,29.0,0,0,0,0,0,0,2,0,0.0,0.0,0.0,0.0,0.0,0.0,31,0.9351254480286738,1.4,0,-1.1347516335869683,2.3701187251613223,0.48591629338504133
Saka Bukayo,0.0,0.0,Arsenal,22,2001,25,20,1729,19.2,6,10,16,5,1,1,3,0,0.31,0.52,0.83,0.26,0.78,0.0,22,7.236868686868687,10.86,1,5.700428249502962,-2.0693693110737894,-0.9501891115327064
Salah Mohamed,0.0,0.0,Liverpool,32,1992,38,38,3371,37.5,29,18,47,20,9,9,1,0,0.77,0.48,1.25,0.53,1.01,0.0,32,14.732986111111112,22.1,3,19.507824425505905,-3.4865570727809283,11.967637733963816
Saliba William,0.0,0.0,Arsenal,23,2001,35,35,3039,33.8,2,0,2,2,0,0,2,1,0.06,0.0,0.06,0.06,0.06,0.0,23,2.3376811594202898,3.51,0,0.20829150997457735,2.934900466842318,-0.22086984823976372
Sánchez Robert,0.0,0.0,Chelsea,26,1997,32,32,2880,32.0,0,0,0,0,0,0,5,0,0.0,0.0,0.0,0.0,0.0,0.0,26,1.2307692307692308,1.85,0,-0.7896068729779532,3.069282999692324,0.07221314674759303
Sancho Jadon,0.0,0.0,Chelsea,24,2000,31,19,1764,19.6,3,4,7,3,0,0,2,0,0.15,0.2,0.36,0.15,0.36,0.0,24,3.4,5.1,1,1.4935756994605862,-0.17154389498140776,-0.9194488559027443
Sangaré Ibrahim,0.0,0.0,Nottingham Forest,26,1997,13,7,590,6.6,0,1,1,0,0,0,3,0,0.0,0.15,0.15,0.0,0.15,0.0,26,0.5598290598290598,0.84,2,-1.846558067335142,-0.8701137713531333,0.10173751597955355
Santos Danilo,0.0,0.0,Nottingham Forest,23,2001,8,5,275,3.1,0,0,0,0,0,0,0,0,0.0,0.0,0.0,0.0,0.0,0.0,23,0.1328502415458937,0.2,2,-3.0179216002084157,-1.3107503052167069,0.7837687892097064
Sarabia Pablo,0.0,0.0,Wolves,32,1992,23,7,814,9.0,3,2,5,3,0,0,3,0,0.33,0.22,0.55,0.33,0.55,0.0,32,1.7201388888888889,2.58,1,1.4294660323894481,-2.328995499285179,-1.1096925319141628
Sarr Ismaila,0.0,0.0,Crystal Palace,26,1998,38,30,2711,30.1,8,6,14,8,0,0,4,0,0.27,0.2,0.46,0.27,0.46,0.0,26,6.081623931623932,9.12,1,4.468710403710601,0.6752081637729178,-1.1642548396614918
Sávio,0.0,0.0,Manchester City,20,2004,29,21,1766,19.6,1,8,9,1,0,0,3,0,0.05,0.41,0.46,0.05,0.46,0.0,20,4.681111111111111,7.02,1,2.050378468155083,-0.07511939839333925,-1.7520646295072788
Scarles Oliver,0.0,0.0,West Ham United,18,2005,15,7,665,7.4,0,0,0,0,0,0,1,0,0.0,0.0,0.0,0.0,0.0,0.0,18,0.4104938271604939,0.62,2,-2.6330235984887187,-0.6652484283502775,0.41271766023687567
Schade Kevin,0.0,0.0,Brentford,22,2001,38,26,2293,25.5,11,2,13,11,0,0,3,0,0.43,0.08,0.51,0.43,0.51,0.0,22,6.885353535353536,10.33,1,4.610572301954173,-0.6260003378488906,-1.0860534842838159
Schär Fabian,0.0,0.0,Newcastle United,32,1991,34,33,2934,32.6,4,0,4,4,0,0,9,1,0.12,0.0,0.12,0.12,0.12,0.0,32,2.26875,3.4,0,1.1732252914303758,3.343359726975237,-0.1740708736062148
Schlupp Jeffrey,0.0,0.0,Crystal Palace,31,1992,12,0,103,1.1,0,0,0,0,0,0,0,0,0.0,0.0,0.0,0.0,0.0,0.0,31,0.036917562724014336,0.06,2,-3.1035689077113617,-1.3531386875021523,1.1659264007316468
Scott Alex,0.0,0.0,Bournemouth,20,2003,20,8,755,8.4,0,0,0,0,0,0,3,0,0.0,0.0,0.0,0.0,0.0,0.0,20,0.41944444444444445,0.63,2,-2.399681289878722,-0.13833891524936737,0.3180085088486843
Sels Matz,0.0,0.0,Nottingham Forest,32,1992,38,38,3420,38.0,0,0,0,0,0,0,4,0,0.0,0.0,0.0,0.0,0.0,0.0,32,1.1875,1.78,0,-0.3812078558261156,3.848994320452497,0.206981532493838
Semedo Nélson,0.0,0.0,Wolves,30,1993,34,32,2886,32.1,0,4,4,0,0,0,8,0,0.0,0.12,0.12,0.0,0.12,0.0,30,2.1355555555555554,3.2,0,0.5683577786187222,3.24966755635922,-0.42871375094196323
Semenyo Antoine,0.0,0.0,Bournemouth,24,2000,37,36,3203,35.6,11,5,16,11,0,0,9,0,0.31,0.14,0.45,0.31,0.45,0.0,24,7.732870370370371,11.6,1,5.492958568684703,1.6096801387493866,-1.2517920506140274
Senesi Marcos,0.0,0.0,Bournemouth,27,1997,17,13,1106,12.3,0,0,0,0,0,0,5,0,0.0,0.0,0.0,0.0,0.0,0.0,27,0.4551440329218107,0.68,2,-2.1639917471921937,0.5523798135034348,0.48348780510962935
Sessegnon Ryan,0.0,0.0,Fulham,24,2000,16,7,580,6.4,4,2,6,4,0,0,1,0,0.62,0.31,0.93,0.62,0.93,0.0,24,2.6018518518518516,3.9,1,3.3009005715123974,-4.900299776546985,-2.6159330634763873
Shaw Luke,0.0,0.0,Manchester Utd,29,1995,7,4,349,3.9,0,0,0,0,0,0,1,0,0.0,0.0,0.0,0.0,0.0,0.0,29,0.13371647509578544,0.2,2,-2.9960923216168327,-1.1018932816043865,1.0140132918925833
Silva Bernardo,0.0,0.0,Manchester City,29,1994,33,29,2670,29.7,4,4,8,4,0,0,7,0,0.13,0.13,0.27,0.13,0.27,0.0,29,3.505747126436782,5.26,0,2.1120191357595326,1.9148261638780784,-0.6096464537138597
Silva Jota,0.0,0.0,Nottingham Forest,24,1999,31,5,854,9.5,3,1,4,3,0,0,5,0,0.32,0.11,0.42,0.32,0.42,0.0,24,1.9787037037037036,2.97,1,0.9588350257637818,-1.5973431897824246,-1.1434640647072345
Simpson-Pusey Jahmai,0.0,0.0,Manchester City,18,2005,2,1,96,1.1,0,0,0,0,0,0,1,0,0.0,0.0,0.0,0.0,0.0,0.0,18,0.05925925925925926,0.09,2,-3.2450568578220658,-1.718707757739209,0.6580809649989326
Sinisterra Luis,0.0,0.0,Bournemouth,25,1999,12,1,236,2.6,1,1,2,1,0,0,0,0,0.38,0.38,0.76,0.38,0.76,0.0,25,0.8248888888888889,1.24,1,1.0125701210657567,-4.476013935491813,-2.0318250052931632
Skipp Oliver,0.0,0.0,Leicester City,23,2000,24,10,1129,12.5,0,0,0,0,0,0,8,0,0.0,0.0,0.0,0.0,0.0,0.0,23,0.5454106280193237,0.82,2,-1.9422715519983471,0.9874030626771468,0.09690848171224907
Smallbone William,0.0,0.0,Southampton,24,2000,18,6,690,7.7,1,0,1,1,0,0,1,0,0.13,0.0,0.13,0.13,0.13,0.0,24,0.7361111111111112,1.1,2,-1.6357975688250432,-1.2146710671032643,0.19163231697917496
Smith Adam,0.0,0.0,Bournemouth,33,1991,25,19,1590,17.7,0,0,0,0,0,0,7,0,0.0,0.0,0.0,0.0,0.0,0.0,33,0.5353535353535354,0.8,0,-1.6233593610020343,1.7198168048250517,0.48194424921149015
Smith Rowe Emile,0.0,0.0,Fulham,24,2000,34,25,2043,22.7,6,3,9,6,0,0,3,0,0.26,0.13,0.4,0.26,0.4,0.0,24,4.445833333333334,6.67,1,2.674182741111877,-0.032187407940215004,-0.9439138586189694
Solanke Dominic,0.0,0.0,Tottenham Hotspur,26,1997,27,25,2201,24.5,9,3,12,8,1,1,0,0,0.37,0.12,0.49,0.33,0.45,0.0,26,5.325213675213675,7.99,1,4.101661276810004,-1.0916350100495673,0.9255241379987483
Soler Carlos,0.0,0.0,West Ham United,27,1997,31,14,1409,15.7,1,1,2,1,0,0,6,0,0.06,0.06,0.13,0.06,0.13,0.0,27,1.2465020576131687,1.87,0,-0.6719001374662213,0.8331956873796964,-0.20132078633406214
Sosa Ramón,0.0,0.0,Nottingham Forest,24,1999,19,1,295,3.3,1,0,1,1,0,0,1,0,0.31,0.0,0.31,0.31,0.31,0.0,24,0.5532407407407408,0.83,2,-0.8912339873523618,-2.5714026924153592,-0.403198892323986
Souček Tomáš,0.0,0.0,West Ham United,29,1995,35,30,2567,28.5,9,1,10,9,0,0,8,0,0.32,0.04,0.35,0.32,0.35,0.0,29,4.362835249042146,6.54,1,3.462315891524927,1.1023263778767007,-0.6335832120047152
Soumaré Boubakary,0.0,0.0,Leicester City,25,1999,31,25,2171,24.1,0,0,0,0,0,0,8,0,0.0,0.0,0.0,0.0,0.0,0.0,25,0.9648888888888889,1.45,0,-1.1072277566861535,2.557262609207917,-0.08404838093459661
Spence Djed,0.0,0.0,Tottenham Hotspur,23,2000,25,19,1792,19.9,1,2,3,1,0,0,4,1,0.05,0.1,0.15,0.05,0.15,0.0,23,1.9961352657004832,2.99,0,-0.2503486266605978,1.1624315962076184,-0.4421408194332065
Steele Jason,0.0,0.0,Brighton,33,1990,2,2,180,2.0,0,0,0,0,0,0,0,0,0.0,0.0,0.0,0.0,0.0,0.0,33,0.06060606060606061,0.09,2,-3.2503952997801666,-1.4955905541497632,1.3838418090815003
Stephens Jack,0.0,0.0,Southampton,30,1994,19,17,1389,15.4,1,0,1,1,0,0,2,2,0.06,0.0,0.06,0.06,0.06,0.0,30,0.8477777777777777,1.27,0,-1.2590117939625105,1.0355255065072457,0.2900246549538542
Sterling Raheem,0.0,0.0,Arsenal,29,1994,17,7,499,5.5,0,2,2,0,0,0,1,0,0.0,0.36,0.36,0.0,0.36,0.0,29,0.742911877394636,1.11,2,-0.8413928698174898,-1.6491017032900133,-0.5462160384162695
Stewart Ross,0.0,0.0,Southampton,28,1996,12,4,389,4.3,1,0,1,1,0,0,1,0,0.23,0.0,0.23,0.23,0.23,0.0,28,0.5115079365079366,0.77,2,-1.3858809058226007,-2.1537927883389036,0.11423330207898053
Stolarczyk Jakub,0.0,0.0,Leicester City,23,2000,10,10,900,10.0,0,0,0,0,0,0,1,0,0.0,0.0,0.0,0.0,0.0,0.0,23,0.43478260869565216,0.65,2,-2.5967185830909827,-0.4486764842230084,0.6816158736705874
Stones John,0.0,0.0,Manchester City,30,1994,11,6,548,6.1,2,0,2,2,0,0,1,0,0.33,0.0,0.33,0.33,0.33,0.0,30,0.8696296296296296,1.3,2,-0.5245218389394518,-2.511804896393223,-0.09493638656337756
Strand Larsen Jørgen,0.0,0.0,Wolves,24,2000,35,30,2587,28.7,14,4,18,14,0,0,4,0,0.49,0.14,0.63,0.49,0.63,0.0,24,8.364351851851852,12.55,1,6.429617090391137,-0.8103593125441503,-1.3219731800865935
Sugawara Yukinari,0.0,0.0,Southampton,24,2000,30,16,1557,17.3,1,1,2,1,0,0,4,0,0.06,0.06,0.12,0.06,0.12,0.0,24,1.4708333333333332,2.21,0,-0.6944081672077964,0.7229039269512854,-0.2165659297367186
Sulemana Kamaldeen,0.0,0.0,Southampton,22,2002,26,17,1402,15.6,1,1,2,1,0,0,2,0,0.06,0.06,0.13,0.06,0.13,0.0,22,1.5262626262626262,2.29,2,-0.8741683854864807,0.22220938690001796,-0.15471337235356888
Summerville Crysencio,0.0,0.0,West Ham United,22,2001,19,7,786,8.7,1,1,2,1,0,0,2,0,0.11,0.11,0.23,0.11,0.23,0.0,22,1.215151515151515,1.82,2,-0.975313155545465,-1.218252121666446,-0.319348187337986
Szmodics Sammie,0.0,0.0,Ipswich Town,28,1995,20,13,992,11.0,4,0,4,4,0,0,2,0,0.36,0.0,0.36,0.36,0.36,0.0,28,1.8222222222222224,2.73,1,0.6573313142882544,-1.7884988474776033,-0.32860903355122334
Szoboszlai Dominik,0.0,0.0,Liverpool,23,2000,36,29,2491,27.7,6,6,12,6,0,0,6,0,0.22,0.22,0.43,0.22,0.43,0.0,23,5.899033816425121,8.85,1,3.7224961600503117,0.8935665505566089,-1.3631690321591081
Tarkowski James,0.0,0.0,Everton,31,1992,33,33,2922,32.5,1,1,2,1,0,0,6,0,0.03,0.03,0.06,0.03,0.06,0.0,31,1.6279569892473118,2.44,0,0.005207504464726811,3.092330717004907,0.06961852119091529
Tavernier Marcus,0.0,0.0,Bournemouth,25,1999,29,20,1939,21.5,3,5,8,3,0,0,6,0,0.14,0.23,0.37,0.14,0.37,0.0,25,3.661777777777778,5.49,1,1.9129242194874259,0.42352158790875793,-1.1426372169861572
Taylor Charlie,0.0,0.0,Southampton,30,1993,8,3,356,4.0,0,0,0,0,0,0,1,0,0.0,0.0,0.0,0.0,0.0,0.0,30,0.13185185185185186,0.2,2,-2.9915375909854554,-1.0665160702758008,1.0930224323714597
Taylor Jack,0.0,0.0,Ipswich Town,26,1998,32,4,860,9.6,1,0,1,1,0,0,4,0,0.1,0.0,0.1,0.1,0.1,0.0,26,0.7521367521367522,1.13,2,-1.3556637564427518,-0.17866482180119056,0.03201315866690485
Tel Mathys,0.0,0.0,Tottenham Hotspur,19,2005,13,11,911,10.1,2,1,3,1,1,1,2,0,0.2,0.1,0.3,0.1,0.2,0.0,19,2.006432748538012,3.01,2,-0.10566451768707733,-1.5483878945329466,1.1059453692525223
Tete Kenny,0.0,0.0,Fulham,28,1995,22,21,1774,19.7,0,2,2,0,0,0,5,0,0.0,0.1,0.1,0.0,0.1,0.0,28,1.2753968253968253,1.91,0,-0.882351647766056,1.2630172440486784,0.018872182844780983
Thiago Igor,0.0,0.0,Brentford,23,2001,8,1,175,1.9,0,0,0,0,0,0,0,0,0.0,0.0,0.0,0.0,0.0,0.0,23,0.08454106280193237,0.13,2,-3.1300948649759275,-1.5289165621276355,0.8031297115701026
Thomas Luke,0.0,0.0,Leicester City,23,2001,14,13,1110,12.3,0,0,0,0,0,0,3,0,0.0,0.0,0.0,0.0,0.0,0.0,23,0.5362318840579711,0.8,2,-2.297462154251908,0.16161473911465482,0.4488406683454723
Tielemans Youri,0.0,0.0,Aston Villa,27,1997,36,35,3026,33.6,3,7,10,3,0,1,4,0,0.09,0.21,0.3,0.09,0.3,0.0,27,4.430452674897119,6.65,0,2.96947508147528,2.0893819184207874,-0.18512701513391214
Tierney Kieran,0.0,0.0,Arsenal,27,1997,13,2,259,2.9,1,0,1,1,0,0,0,0,0.35,0.0,0.35,0.35,0.35,0.0,27,0.4769547325102881,0.72,2,-0.8395109491947907,-3.0396719434869515,-0.32506851584629565
Timber Jurriën,0.0,0.0,Arsenal,23,2001,30,27,2417,26.9,1,3,4,1,0,0,7,0,0.04,0.11,0.15,0.04,0.15,0.0,23,2.645893719806763,3.97,0,0.41779545198972623,2.1020276990855984,-0.657100424435176
Todibo Jean-Clair,0.0,0.0,West Ham United,24,1999,27,20,1825,20.3,0,0,0,0,0,0,3,0,0.0,0.0,0.0,0.0,0.0,0.0,24,0.8449074074074074,1.27,0,-1.6092610045233224,1.4005335864287622,0.2789403144703066
Toffolo Harry,0.0,0.0,Nottingham Forest,28,1995,4,1,137,1.5,0,0,0,0,0,0,1,0,0.0,0.0,0.0,0.0,0.0,0.0,28,0.05436507936507936,0.08,2,-3.199401206678672,-1.4658121881120267,1.0820018854749363
Tonali Sandro,0.0,0.0,Newcastle United,24,2000,36,28,2630,29.2,4,2,6,4,0,0,5,0,0.14,0.07,0.21,0.14,0.21,0.0,24,3.550925925925926,5.33,0,1.5005930251868265,1.7281865526052251,-0.5824463667734289
Torres Pau,0.0,0.0,Aston Villa,27,1997,24,23,2020,22.4,0,0,0,0,0,0,2,0,0.0,0.0,0.0,0.0,0.0,0.0,27,0.831275720164609,1.25,0,-1.5822522251692825,1.477714325061124,0.44015663347775275
Townsend Conor,0.0,0.0,Ipswich Town,31,1993,6,3,335,3.7,0,1,1,0,0,0,1,0,0.0,0.27,0.27,0.0,0.27,0.0,31,0.37813620071684584,0.57,2,-1.7586136397787893,-1.9708515491246845,0.04020198012471163
Traoré Adama,0.0,0.0,Fulham,28,1996,36,18,1772,19.7,2,7,9,2,0,0,3,0,0.1,0.36,0.46,0.1,0.46,0.0,28,3.4174603174603178,5.13,1,2.2704048671977173,0.010514543513787692,-1.3822024745485668
Travers Mark,0.0,0.0,Bournemouth,25,1999,5,5,450,5.0,0,0,0,0,0,0,0,0,0.0,0.0,0.0,0.0,0.0,0.0,25,0.2,0.3,2,-3.0129604881728276,-1.2318682089148583,0.9014587346776689
Trippier Kieran,0.0,0.0,Newcastle United,33,1990,25,14,1309,14.5,0,3,3,0,0,0,1,0,0.0,0.21,0.21,0.0,0.21,0.0,33,1.168013468013468,1.75,2,-0.6606276487119921,0.027656550585241146,0.03147873890598643
Trossard Leandro,0.0,0.0,Arsenal,29,1994,38,28,2546,28.3,8,7,15,8,0,0,4,1,0.28,0.25,0.53,0.28,0.53,0.0,29,5.665134099616858,8.5,1,4.936580193290758,0.691025317739954,-1.3639801005794348
Tsimikas Kostas,0.0,0.0,Liverpool,28,1996,18,9,837,9.3,0,1,1,0,0,0,2,0,0.0,0.11,0.11,0.0,0.11,0.0,28,0.6178571428571429,0.93,2,-1.808798927687478,-0.43156533751727333,0.2640925567815532
Tuanzebe Axel,0.0,0.0,Ipswich Town,26,1997,22,20,1710,19.0,0,1,1,0,0,0,5,1,0.0,0.05,0.05,0.0,0.05,0.0,26,1.0384615384615385,1.56,0,-1.1925753685907774,1.6450185573179086,-0.000722083040291941
Udogie Destiny,0.0,0.0,Tottenham Hotspur,21,2002,25,24,1924,21.4,0,1,1,0,0,0,2,0,0.0,0.05,0.05,0.0,0.05,0.0,21,1.398941798941799,2.1,0,-1.1926448695989258,1.2484394539082413,0.000393471756839383
Ugarte Manuel,0.0,0.0,Manchester Utd,23,2001,29,22,1785,19.8,1,2,3,1,0,0,11,0,0.05,0.1,0.15,0.05,0.15,0.0,23,1.9927536231884055,2.99,0,0.03604195812729179,1.8305257403373054,-0.7803119850272294
Ugochukwu Lesley,0.0,0.0,Southampton,20,2004,26,18,1655,18.4,1,1,2,1,0,0,7,0,0.05,0.05,0.11,0.05,0.11,0.0,20,1.8194444444444442,2.73,0,-0.6563963933877518,1.098599791432134,-0.45748811828601477
Ünal Enes,0.0,0.0,Bournemouth,27,1997,17,2,345,3.8,2,1,3,2,0,0,2,0,0.52,0.26,0.78,0.52,0.78,0.0,27,1.1790123456790123,1.77,1,1.7622607659747074,-4.320070967818504,-2.093446038460493
Valdimarsson Hákon,0.0,0.0,Brentford,22,2001,2,1,145,1.6,0,0,0,0,0,0,0,0,0.0,0.0,0.0,0.0,0.0,0.0,22,0.07323232323232323,0.11,2,-3.268669779093048,-1.734890589917252,0.8889570277471219
van Dijk Virgil,0.0,0.0,Liverpool,33,1991,37,37,3330,37.0,3,1,4,3,0,0,5,0,0.08,0.03,0.11,0.08,0.11,0.0,33,2.272727272727273,3.41,0,1.0442867618723373,3.2267356779950713,0.03831336633296498
Vardy Jamie,0.0,0.0,Leicester City,37,1987,35,35,2823,31.4,9,4,13,8,1,2,5,0,0.29,0.13,0.41,0.26,0.38,0.0,37,4.145045045045046,6.22,1,4.942485113270527,1.0562287062820475,1.9088515094379837
Veiga Renato,0.0,0.0,Chelsea,21,2003,7,1,181,2.0,0,0,0,0,0,0,2,0,0.0,0.0,0.0,0.0,0.0,0.0,21,0.09576719576719576,0.14,2,-3.069876890773559,-1.3493251566199855,0.6194977947687155
Veltman Joël,0.0,0.0,Brighton,32,1992,21,19,1697,18.9,0,0,0,0,0,0,5,0,0.0,0.0,0.0,0.0,0.0,0.0,32,0.5892361111111111,0.88,0,-1.7384726580245566,1.431156741267745,0.5885578488685254
Ven Micky van,0.0,0.0,Tottenham Hotspur,23,2001,13,12,1015,11.3,0,2,2,0,0,0,4,0,0.0,0.18,0.18,0.0,0.18,0.0,23,1.1859903381642511,1.78,2,-1.2420298722135352,-0.3850862524991611,-0.3068285994799443
Verbruggen Bart,0.0,0.0,Brighton,21,2002,36,36,3240,36.0,0,1,1,0,0,0,5,0,0.0,0.03,0.03,0.0,0.03,0.0,21,2.0952380952380953,3.14,0,-0.18075960691347479,3.4572517669457112,-0.3763609319201206
Vestergaard Jannik,0.0,0.0,Leicester City,31,1992,18,16,1391,15.5,0,0,0,0,0,0,5,0,0.0,0.0,0.0,0.0,0.0,0.0,31,0.4985663082437276,0.75,2,-1.9794819230461962,0.9937080480243464,0.664521915843943
Vicario Guglielmo,0.0,0.0,Tottenham Hotspur,27,1996,24,24,2160,24.0,0,0,0,0,0,0,1,0,0.0,0.0,0.0,0.0,0.0,0.0,27,0.8888888888888888,1.33,0,-1.545820700140206,1.522902690688686,0.523698085572917
Walker Kyle,0.0,0.0,Manchester City,34,1990,15,9,970,10.8,0,0,0,0,0,0,3,0,0.0,0.0,0.0,0.0,0.0,0.0,34,0.3169934640522876,0.48,2,-2.4158758988158486,0.12437270649129825,0.9577621550090273
Walker-Peters Kyle,0.0,0.0,Southampton,27,1997,33,33,2918,32.4,0,2,2,0,0,0,5,0,0.0,0.06,0.06,0.0,0.06,0.0,27,1.7934156378600823,2.69,0,-0.13398373036897532,3.0103430020055684,-0.19532876393176232
Walton Christian,0.0,0.0,Ipswich Town,28,1995,7,7,630,7.0,0,0,0,0,0,0,0,0,0.0,0.0,0.0,0.0,0.0,0.0,28,0.25,0.38,2,-2.8670904480904285,-0.8949935518418481,1.034914197927334
Wan-Bissaka Aaron,0.0,0.0,West Ham United,26,1997,36,35,3154,35.0,2,5,7,2,0,0,1,0,0.06,0.14,0.2,0.06,0.2,0.0,26,3.655555555555556,5.48,0,1.582390121317717,2.2899241168523115,-0.44866691463781583
Ward Danny,0.0,0.0,Leicester City,31,1993,2,1,135,1.5,0,0,0,0,0,0,0,0,0.0,0.0,0.0,0.0,0.0,0.0,31,0.04838709677419355,0.07,2,-3.282498627426788,-1.6136355169825012,1.2538159569085283
Ward-Prowse James,0.0,0.0,West Ham United,29,1994,15,12,1039,11.5,1,1,2,1,0,0,2,0,0.09,0.09,0.17,0.09,0.17,0.0,29,1.0187739463601533,1.53,2,-1.1161451343966695,-0.6512895603929336,0.21335853317586
Ward-Prowse James,0.0,0.0,Nottingham Forest,29,1994,9,5,400,4.4,0,1,1,0,0,0,2,1,0.0,0.23,0.23,0.0,0.23,0.0,29,0.42911877394636017,0.64,2,-1.6453584982798293,-1.1738845187190206,-0.09134229992602587
Watkins Ollie,0.0,0.0,Aston Villa,28,1995,38,31,2598,28.9,16,8,24,14,2,2,2,0,0.55,0.28,0.83,0.48,0.76,0.0,28,9.030952380952382,13.55,3,9.292182261470426,-1.664454586858373,1.5119116380364903
Webster Adam,0.0,0.0,Brighton,29,1995,14,11,887,9.9,0,0,0,0,0,0,1,0,0.0,0.0,0.0,0.0,0.0,0.0,29,0.3398467432950192,0.51,2,-2.5054499836375275,-0.22104624429602626,0.8519342413097332
Welbeck Danny,0.0,0.0,Brighton,33,1990,30,24,2115,23.5,10,4,14,9,1,1,5,0,0.43,0.17,0.6,0.38,0.55,0.0,33,4.712121212121212,7.07,1,5.216600649627285,-0.8644643057078126,0.6218403861207167
Welington,0.0,0.0,Southampton,23,2001,10,6,482,5.4,0,0,0,0,0,0,1,0,0.0,0.0,0.0,0.0,0.0,0.0,23,0.2328502415458937,0.35,2,-2.835503308610194,-0.9323106411499147,0.6825195523968735
Werner Timo,0.0,0.0,Tottenham Hotspur,28,1996,18,4,516,5.7,0,3,3,0,0,0,0,0,0.0,0.52,0.52,0.0,0.52,0.0,28,1.061904761904762,1.59,2,-0.06664660201559726,-2.337648304441062,-1.2351974536479347
Wharton Adam,0.0,0.0,Crystal Palace,20,2004,20,16,1318,14.6,0,2,2,0,0,0,2,0,0.0,0.14,0.14,0.0,0.14,0.0,20,1.5322222222222224,2.3,2,-1.137593067613271,0.04341342732105095,-0.311284671921178
White Ben,0.0,0.0,Arsenal,26,1997,17,13,1198,13.3,0,2,2,0,0,0,2,0,0.0,0.15,0.15,0.0,0.15,0.0,26,1.1273504273504273,1.69,2,-1.2694573331889447,-0.16258981889693952,0.027008278198418584
Wieffer Mats,0.0,0.0,Brighton,24,1999,25,10,1015,11.3,1,3,4,1,0,0,6,0,0.09,0.27,0.35,0.09,0.35,0.0,24,1.8865740740740742,2.83,2,0.3037654468111741,-0.564764767069414,-1.0850636007996945
Williams Neco,0.0,0.0,Nottingham Forest,23,2001,35,28,2594,28.8,1,3,4,1,0,0,7,0,0.03,0.1,0.14,0.03,0.14,0.0,23,2.7314009661835748,4.1,0,0.5410183325959527,2.4890097035790313,-0.6861998438519632
Willian,0.0,0.0,Fulham,35,1988,10,2,257,2.9,0,0,0,0,0,0,0,0,0.0,0.0,0.0,0.0,0.0,0.0,35,0.08158730158730158,0.12,2,-3.0513115725046998,-1.1559776148702126,1.3568604568358995
Willock Joe,0.0,0.0,Newcastle United,24,1999,32,11,1086,12.1,0,2,2,0,0,0,4,0,0.0,0.17,0.17,0.0,0.17,0.0,24,1.1694444444444445,1.75,2,-0.8717697900516252,0.28178356781018127,-0.4434455800431928
Wilson Callum,0.0,0.0,Newcastle United,32,1992,18,2,370,4.1,0,0,0,0,0,0,1,0,0.0,0.0,0.0,0.0,0.0,0.0,32,0.1284722222222222,0.19,2,-2.793962586089738,-0.769653941746683,1.0011885365096973
Wilson Harry,0.0,0.0,Fulham,27,1997,25,12,1162,12.9,6,1,7,6,0,0,2,0,0.46,0.08,0.54,0.46,0.54,0.0,27,2.9967078189300413,4.5,1,2.351982368311413,-2.3984348815012124,-1.0406590769705102
Winks Harry,0.0,0.0,Leicester City,28,1996,22,17,1538,17.1,0,2,2,0,0,0,4,0,0.0,0.12,0.12,0.0,0.12,0.0,28,1.1817460317460318,1.77,0,-1.002862028741071,0.7435671522812904,-0.022878330137546043
Wissa Yoane,0.0,0.0,Brentford,27,1996,35,34,2919,32.4,19,4,23,19,0,0,5,0,0.59,0.12,0.71,0.59,0.71,0.0,27,9.423456790123456,14.14,1,8.344861500920405,-0.9010914205342376,-1.1300647578644896
Wood Chris,0.0,0.0,Nottingham Forest,32,1991,36,35,2959,32.9,20,3,23,17,3,3,1,0,0.61,0.09,0.7,0.52,0.61,0.0,32,8.027430555555556,12.04,3,9.47466993180215,-1.4111569673204483,4.164298307591882
Wood-Gordon Nathan,0.0,0.0,Southampton,22,2002,11,9,773,8.6,0,0,0,0,0,0,2,0,0.0,0.0,0.0,0.0,0.0,0.0,22,0.39040404040404036,0.59,2,-2.6044071679519383,-0.4670498785801484,0.537333851689478
Woolfenden Luke,0.0,0.0,Ipswich Town,25,1998,15,12,1187,13.2,0,0,0,0,0,0,2,0,0.0,0.0,0.0,0.0,0.0,0.0,25,0.5275555555555556,0.79,2,-2.3029595951640136,0.15167304711341087,0.6201324341828419
Yarmoliuk Yehor,0.0,0.0,Brentford,20,2004,31,15,1450,16.1,0,0,0,0,0,0,6,0,0.0,0.0,0.0,0.0,0.0,0.0,20,0.8055555555555556,1.21,0,-1.6459677802845107,1.326926922239745,-0.11738155749513464
Yates Ryan,0.0,0.0,Nottingham Forest,26,1997,35,18,1915,21.3,2,1,3,2,0,0,10,0,0.09,0.05,0.14,0.09,0.14,0.0,26,1.8952991452991452,2.84,0,0.18172349050644404,1.8202016097099454,-0.4964656478064077
Yoro Leny,0.0,0.0,Manchester Utd,18,2005,21,12,1165,12.9,0,0,0,0,0,0,5,0,0.0,0.0,0.0,0.0,0.0,0.0,18,0.7191358024691358,1.08,2,-2.0636944825154333,0.5570580405429543,0.061569764545766674
Young Ashley,0.0,0.0,Everton,39,1985,32,19,1875,20.8,1,3,4,1,0,0,7,1,0.05,0.14,0.19,0.05,0.19,0.0,39,1.4059829059829059,2.11,0,0.36834977912706873,1.930243186954905,-0.18660697155147274
Zabarnyi Illia,0.0,0.0,Bournemouth,21,2002,36,35,3109,34.5,0,1,1,0,0,0,4,1,0.0,0.03,0.03,0.0,0.03,0.0,21,2.025925925925926,3.04,0,-0.1768829645110462,3.5590370753276734,-0.44981303746738827
Zinchenko Oleksandr,0.0,0.0,Arsenal,27,1996,15,5,527,5.9,0,1,1,0,0,0,1,0,0.0,0.17,0.17,0.0,0.17,0.0,27,0.5131687242798354,0.77,2,-1.8598976949612807,-1.2094659286892104,0.1560599465149273
Zirkzee Joshua,0.0,0.0,Manchester Utd,23,2001,32,14,1402,15.6,3,1,4,3,0,0,2,0,0.19,0.06,0.26,0.19,0.26,0.0,23,2.329468599033816,3.49,0,0.38955683619157666,-0.4335756537238518,-0.5127975520653707
Ødegaard Martin,0.0,0.0,Arsenal,25,1998,30,26,2325,25.8,3,8,11,2,1,1,4,0,0.12,0.31,0.43,0.08,0.39,0.0,25,4.793333333333333,7.19,1,3.240148439496981,0.6270278734220066,0.29416252864986475
